{
  "train_loss": [
    2.610506356323347,
    0.48706101677782826,
    0.17183831984207507,
    0.08836396521640905,
    0.061550177499919596,
    0.03697995287011687,
    0.02637654721379994,
    0.022409101956108884,
    0.02018074881224881,
    0.01343740093289939,
    0.013924566061706804,
    0.00850924316688518,
    0.007861071717953253,
    0.006514523863486493,
    0.00496315550763348,
    0.004891364058436646,
    0.004109795833878073,
    0.0028799325610145326,
    0.002554991874458241,
    0.0027894583188946987,
    0.0023238783570004896,
    0.0023698795290458294,
    0.002229444688971579,
    0.0022410554851192608,
    0.0020949840290715696,
    0.0021608577415002934,
    0.0020939622351611345,
    0.0020120704755301755,
    0.0021176823853834557,
    0.0020371709143228263
  ],
  "val_loss": [
    0.9220846787562353,
    0.31535730170871323,
    0.15068902371237086,
    0.14476521671441375,
    0.12440777967200461,
    0.09792349022855326,
    0.13243693113327026,
    0.10687854117632743,
    0.10564765126447645,
    0.08147269419884433,
    0.09059907916530915,
    0.07766940525184525,
    0.07285420129315778,
    0.06124955677923841,
    0.07514719818215752,
    0.07439025766654297,
    0.06256963572227997,
    0.06863676896805547,
    0.066295602401063,
    0.06796849890245378,
    0.06467837223763666,
    0.06191917961846245,
    0.06357523623711141,
    0.07439893690499279,
    0.07297629404177026,
    0.0661098282485681,
    0.06754917674779061,
    0.06907731473757416,
    0.0728453359329742,
    0.07008740046298462
  ],
  "train_acc_tens": [
    0.7818648417450813,
    0.9843883661248931,
    0.9963644140290847,
    0.9976475620188195,
    0.9987168520102652,
    0.9993584260051326,
    0.9995722840034217,
    0.9993584260051326,
    0.9991445680068435,
    0.9997861420017109,
    0.9997861420017109,
    1.0,
    0.9995722840034217,
    1.0,
    1.0,
    1.0,
    1.0,
    1.0,
    1.0,
    1.0,
    1.0,
    1.0,
    1.0,
    1.0,
    1.0,
    1.0,
    1.0,
    1.0,
    1.0,
    1.0
  ],
  "train_acc_ones": [
    0.4298545765611634,
    0.9007698887938409,
    0.9736954662104362,
    0.9878100940975193,
    0.9901625320786998,
    0.9942258340461934,
    0.9957228400342173,
    0.9959366980325064,
    0.9963644140290847,
    0.9980752780153977,
    0.9963644140290847,
    0.9987168520102652,
    0.9991445680068435,
    0.9987168520102652,
    0.9989307100085543,
    0.9991445680068435,
    0.9993584260051326,
    0.9997861420017109,
    0.9997861420017109,
    0.9995722840034217,
    0.9997861420017109,
    0.9997861420017109,
    0.9997861420017109,
    0.9997861420017109,
    0.9997861420017109,
    0.9997861420017109,
    0.9995722840034217,
    1.0,
    0.9995722840034217,
    0.9997861420017109
  ],
  "train_acc_number": [
    0.3907185628742515,
    0.8924294268605646,
    0.9715568862275449,
    0.9865269461077845,
    0.9895209580838323,
    0.993798118049615,
    0.9955089820359282,
    0.9957228400342173,
    0.9957228400342173,
    0.9978614200171086,
    0.9961505560307955,
    0.9987168520102652,
    0.9989307100085543,
    0.9987168520102652,
    0.9989307100085543,
    0.9991445680068435,
    0.9993584260051326,
    0.9997861420017109,
    0.9997861420017109,
    0.9995722840034217,
    0.9997861420017109,
    0.9997861420017109,
    0.9997861420017109,
    0.9997861420017109,
    0.9997861420017109,
    0.9997861420017109,
    0.9995722840034217,
    1.0,
    0.9995722840034217,
    0.9997861420017109
  ],
  "val_acc_tens": [
    0.9599303135888502,
    0.9912891986062717,
    0.9912891986062717,
    0.9947735191637631,
    0.9912891986062717,
    0.9930313588850174,
    0.9965156794425087,
    0.9947735191637631,
    0.9965156794425087,
    0.9965156794425087,
    0.9965156794425087,
    0.9965156794425087,
    0.9965156794425087,
    0.9965156794425087,
    0.9965156794425087,
    0.9947735191637631,
    0.9965156794425087,
    0.9947735191637631,
    0.9965156794425087,
    0.9965156794425087,
    0.9965156794425087,
    0.9965156794425087,
    0.9965156794425087,
    0.9965156794425087,
    0.9965156794425087,
    0.9965156794425087,
    0.9965156794425087,
    0.9947735191637631,
    0.9965156794425087,
    0.9965156794425087
  ],
  "val_acc_ones": [
    0.7857142857142857,
    0.9303135888501742,
    0.9790940766550522,
    0.9738675958188153,
    0.9703832752613241,
    0.975609756097561,
    0.9721254355400697,
    0.9860627177700348,
    0.9773519163763066,
    0.975609756097561,
    0.9790940766550522,
    0.9860627177700348,
    0.9878048780487805,
    0.9825783972125436,
    0.9860627177700348,
    0.9895470383275261,
    0.9878048780487805,
    0.9878048780487805,
    0.9895470383275261,
    0.9895470383275261,
    0.9860627177700348,
    0.9912891986062717,
    0.9912891986062717,
    0.9912891986062717,
    0.9912891986062717,
    0.9878048780487805,
    0.9912891986062717,
    0.9860627177700348,
    0.9878048780487805,
    0.9878048780487805
  ],
  "val_acc_number": [
    0.7665505226480837,
    0.926829268292683,
    0.9721254355400697,
    0.9686411149825784,
    0.9634146341463414,
    0.9686411149825784,
    0.9686411149825784,
    0.9825783972125436,
    0.9738675958188153,
    0.9721254355400697,
    0.975609756097561,
    0.9825783972125436,
    0.9843205574912892,
    0.9790940766550522,
    0.9825783972125436,
    0.9843205574912892,
    0.9843205574912892,
    0.9825783972125436,
    0.9860627177700348,
    0.9860627177700348,
    0.9825783972125436,
    0.9878048780487805,
    0.9878048780487805,
    0.9878048780487805,
    0.9878048780487805,
    0.9843205574912892,
    0.9878048780487805,
    0.980836236933798,
    0.9843205574912892,
    0.9843205574912892
  ]
}