{
  "train_loss": [
    3.579591410092761,
    2.193345695606555,
    1.6119291829287852,
    1.2024275499903514,
    0.8561858021366586,
    0.6625180436159628,
    0.6074695864531401,
    0.5521136137845681,
    0.5270713956260191,
    0.505372206506003,
    0.48382152625900543,
    0.3746977382689281,
    0.31531852448057984,
    0.2956253146391021,
    0.2790549468341498,
    0.23781562035057258,
    0.20695086969484927,
    0.17233393842894568,
    0.14237535621897598,
    0.11875589205935227,
    0.09676984643405885,
    0.07582305495406544,
    0.06738793125919443,
    0.057295807413406306,
    0.05227711651445557,
    0.04548717014192005,
    0.043850339305411046,
    0.039867751714610156,
    0.0384939149264294,
    0.037385699685768145
  ],
  "val_loss": [
    2.6689138429090122,
    1.8652574176987704,
    1.4674110736581092,
    1.1281166699705223,
    0.8074785699412382,
    0.7874206703299014,
    0.7079076683895098,
    0.6587151675274148,
    0.6246841547796536,
    0.6553166440139664,
    0.49623346827171405,
    0.3663056631952213,
    0.34813137980703696,
    0.3322459127014107,
    0.40760874831302657,
    0.25714528228347727,
    0.28728599394655396,
    0.19545315367004182,
    0.19272217538713993,
    0.22711542113732794,
    0.16011499610927463,
    0.16437969577437078,
    0.14377980448227726,
    0.14567301850701042,
    0.12470759373508679,
    0.12602265122044792,
    0.12753749999642788,
    0.1260459577788044,
    0.11808191089264607,
    0.11663038680777732
  ],
  "train_acc_tens": [
    0.7369546621043627,
    0.9358426005132592,
    0.9452523524379812,
    0.9557313943541489,
    0.9548759623609923,
    0.957656116338751,
    0.9593669803250642,
    0.9617194183062446,
    0.9647134302822925,
    0.9681351582549187,
    0.9674935842600513,
    0.9734816082121471,
    0.9775449101796407,
    0.9769033361847733,
    0.9773310521813516,
    0.9805389221556886,
    0.9796834901625321,
    0.979469632164243,
    0.9818220701454234,
    0.9822497861420018,
    0.9824636441402909,
    0.9848160821214713,
    0.9846022241231822,
    0.9850299401197605,
    0.9852437981180496,
    0.9850299401197605,
    0.9852437981180496,
    0.9871685201026519,
    0.9914456800684346,
    0.9895209580838323
  ],
  "train_acc_ones": [
    0.23481608212147134,
    0.37147134302822926,
    0.4721984602224123,
    0.7221984602224123,
    0.8795979469632165,
    0.9270744225834047,
    0.9334901625320787,
    0.9476047904191617,
    0.9516680923866553,
    0.9553036783575706,
    0.9381950384944396,
    0.9553036783575706,
    0.9664242942686057,
    0.9711291702309667,
    0.960650128314799,
    0.9642857142857143,
    0.9741231822070145,
    0.9813943541488451,
    0.9880239520958084,
    0.9923011120615911,
    0.993798118049615,
    0.9959366980325064,
    0.9985029940119761,
    0.9985029940119761,
    0.998289136013687,
    0.9993584260051326,
    0.9987168520102652,
    0.9991445680068435,
    0.9993584260051326,
    0.9991445680068435
  ],
  "train_acc_number": [
    0.19846022241231823,
    0.34366980325064156,
    0.44033361847733105,
    0.691830624465355,
    0.8408896492728828,
    0.8900769888793841,
    0.897775876817793,
    0.9125320786997434,
    0.9206586826347305,
    0.9255774165953806,
    0.9121043627031651,
    0.9337040205303678,
    0.9476047904191617,
    0.9516680923866553,
    0.9405474764756202,
    0.9476047904191617,
    0.9580838323353293,
    0.9625748502994012,
    0.97027373823781,
    0.9751924721984602,
    0.9773310521813516,
    0.981180496150556,
    0.9833190761334474,
    0.9841745081266039,
    0.9837467921300257,
    0.9846022241231822,
    0.9846022241231822,
    0.9869546621043627,
    0.9912318220701454,
    0.989093242087254
  ],
  "val_acc_tens": [
    0.9285714285714286,
    0.9285714285714286,
    0.9512195121951219,
    0.9390243902439024,
    0.9529616724738676,
    0.9442508710801394,
    0.9564459930313589,
    0.9564459930313589,
    0.9599303135888502,
    0.9668989547038328,
    0.9651567944250871,
    0.9703832752613241,
    0.9668989547038328,
    0.9703832752613241,
    0.9703832752613241,
    0.975609756097561,
    0.9721254355400697,
    0.975609756097561,
    0.9738675958188153,
    0.975609756097561,
    0.975609756097561,
    0.975609756097561,
    0.9738675958188153,
    0.975609756097561,
    0.975609756097561,
    0.9773519163763066,
    0.9773519163763066,
    0.9860627177700348,
    0.9843205574912892,
    0.9843205574912892
  ],
  "val_acc_ones": [
    0.32752613240418116,
    0.4634146341463415,
    0.5923344947735192,
    0.8031358885017421,
    0.8954703832752613,
    0.8554006968641115,
    0.8989547038327527,
    0.9059233449477352,
    0.9390243902439024,
    0.9024390243902439,
    0.9425087108013938,
    0.9616724738675958,
    0.9599303135888502,
    0.9564459930313589,
    0.9111498257839721,
    0.9616724738675958,
    0.9512195121951219,
    0.9825783972125436,
    0.9825783972125436,
    0.9634146341463414,
    0.9878048780487805,
    0.9790940766550522,
    0.9878048780487805,
    0.9825783972125436,
    0.9843205574912892,
    0.9843205574912892,
    0.9843205574912892,
    0.9825783972125436,
    0.9843205574912892,
    0.9860627177700348
  ],
  "val_acc_number": [
    0.2979094076655052,
    0.4250871080139373,
    0.5696864111498258,
    0.7508710801393729,
    0.8519163763066202,
    0.8083623693379791,
    0.8641114982578397,
    0.8658536585365854,
    0.9024390243902439,
    0.8745644599303136,
    0.9146341463414634,
    0.9407665505226481,
    0.9285714285714286,
    0.9303135888501742,
    0.8850174216027874,
    0.9425087108013938,
    0.926829268292683,
    0.9599303135888502,
    0.9616724738675958,
    0.9407665505226481,
    0.9668989547038328,
    0.9547038327526133,
    0.9668989547038328,
    0.9599303135888502,
    0.9616724738675958,
    0.9651567944250871,
    0.9651567944250871,
    0.9721254355400697,
    0.9721254355400697,
    0.9738675958188153
  ]
}