{
  "train_loss": [
    2.9651723034469564,
    1.3320660913367879,
    0.790748204605716,
    0.6079382753657724,
    0.520812911595719,
    0.4623870988295974,
    0.3880283871300716,
    0.3510436742503588,
    0.30772338676289474,
    0.2553955707109515,
    0.26755707400593626,
    0.23640234272535077,
    0.24595075840619612,
    0.22045042822766855,
    0.19837113340457757,
    NaN,
    NaN,
    NaN,
    NaN,
    NaN,
    NaN,
    NaN,
    NaN,
    NaN,
    NaN,
    NaN,
    NaN,
    NaN,
    NaN,
    NaN
  ],
  "val_loss": [
    1.8061334098257669,
    1.0239013063783013,
    0.7404243937768172,
    0.6227404718199674,
    0.6891982256327772,
    0.532092843736921,
    0.7194487566731949,
    0.333180968354388,
    0.38724882012875655,
    0.4431014679865555,
    0.3216660841001451,
    0.33588388489513865,
    0.2478726072178485,
    0.2836186067567885,
    0.26086631863790105,
    NaN,
    NaN,
    NaN,
    NaN,
    NaN,
    NaN,
    NaN,
    NaN,
    NaN,
    NaN,
    NaN,
    NaN,
    NaN,
    NaN,
    NaN
  ],
  "train_acc_tens": [
    0.8398203592814372,
    0.9486740804106074,
    0.9651411462788708,
    0.968562874251497,
    0.9709153122326775,
    0.973267750213858,
    0.9749786142001711,
    0.9760479041916168,
    0.9779726261762189,
    0.979469632164243,
    0.9784003421727973,
    0.9788280581693756,
    0.9781864841745082,
    0.9809666381522669,
    0.9820359281437125,
    0.01347305389221557,
    0.0,
    0.0,
    0.0,
    0.0,
    0.0,
    0.0,
    0.0,
    0.0,
    0.0,
    0.0,
    0.0,
    0.0,
    0.0,
    0.0
  ],
  "train_acc_ones": [
    0.3051753635585971,
    0.6101368691189051,
    0.8526518391787853,
    0.9108212147134302,
    0.9266467065868264,
    0.9366980325064157,
    0.938622754491018,
    0.9420444824636441,
    0.951240376390077,
    0.9632164242942686,
    0.9587254063301968,
    0.9719846022241232,
    0.9687767322497861,
    0.973267750213858,
    0.9771171941830624,
    0.01347305389221557,
    0.0,
    0.0,
    0.0,
    0.0,
    0.0,
    0.0,
    0.0,
    0.0,
    0.0,
    0.0,
    0.0,
    0.0,
    0.0,
    0.0
  ],
  "train_acc_number": [
    0.28849443969204447,
    0.5810521813515825,
    0.8257057313943541,
    0.8855859709153122,
    0.9026946107784432,
    0.9157399486740804,
    0.9176646706586826,
    0.9223695466210436,
    0.9311377245508982,
    0.9437553464499572,
    0.9403336184773311,
    0.9531650983746792,
    0.9505988023952096,
    0.9553036783575706,
    0.9602224123182207,
    0.013259195893926433,
    0.0,
    0.0,
    0.0,
    0.0,
    0.0,
    0.0,
    0.0,
    0.0,
    0.0,
    0.0,
    0.0,
    0.0,
    0.0,
    0.0
  ],
  "val_acc_tens": [
    0.9285714285714286,
    0.9564459930313589,
    0.9668989547038328,
    0.9581881533101045,
    0.9703832752613241,
    0.9668989547038328,
    0.9721254355400697,
    0.9703832752613241,
    0.9703832752613241,
    0.9738675958188153,
    0.9721254355400697,
    0.9703832752613241,
    0.9773519163763066,
    0.9721254355400697,
    0.9738675958188153,
    0.0,
    0.0,
    0.0,
    0.0,
    0.0,
    0.0,
    0.0,
    0.0,
    0.0,
    0.0,
    0.0,
    0.0,
    0.0,
    0.0,
    0.0
  ],
  "val_acc_ones": [
    0.43205574912891986,
    0.7804878048780488,
    0.8850174216027874,
    0.8780487804878049,
    0.8606271777003485,
    0.9059233449477352,
    0.8257839721254355,
    0.9547038327526133,
    0.9320557491289199,
    0.9094076655052264,
    0.945993031358885,
    0.9407665505226481,
    0.980836236933798,
    0.9634146341463414,
    0.9668989547038328,
    0.0,
    0.0,
    0.0,
    0.0,
    0.0,
    0.0,
    0.0,
    0.0,
    0.0,
    0.0,
    0.0,
    0.0,
    0.0,
    0.0,
    0.0
  ],
  "val_acc_number": [
    0.41114982578397213,
    0.7473867595818815,
    0.8571428571428571,
    0.8519163763066202,
    0.8327526132404182,
    0.8850174216027874,
    0.8066202090592335,
    0.9303135888501742,
    0.9059233449477352,
    0.9024390243902439,
    0.9233449477351916,
    0.921602787456446,
    0.9634146341463414,
    0.9407665505226481,
    0.9425087108013938,
    0.0,
    0.0,
    0.0,
    0.0,
    0.0,
    0.0,
    0.0,
    0.0,
    0.0,
    0.0,
    0.0,
    0.0,
    0.0,
    0.0,
    0.0
  ]
}