{
  "train_loss": [
    2.2871439715957314,
    0.32395605025279206,
    0.13634312652542205,
    0.07929872946416955,
    0.061793843531221075,
    0.04260757690418266,
    0.03812674524133485,
    0.034154015845779276,
    0.021297772512974343,
    0.019312555357571645,
    0.01098097854439676,
    0.0073994752991597195,
    0.006563852800070678,
    0.005595118062326906,
    0.007796704794628381,
    0.005860972470764016,
    0.00587458374461524,
    0.002034641923406779,
    0.0029809740336151384,
    0.0053938798561781465,
    0.002900519056948359,
    0.001251449969408347,
    0.002364094870227132,
    0.0038359488708734307,
    0.001986113162607694,
    0.0010073816704892827,
    0.0010464441021657378,
    0.0018156412526824926,
    0.001069528613975662,
    0.0016592125080914656
  ],
  "val_loss": [
    0.6212069668420931,
    0.24112695102492276,
    0.15536719539855,
    0.19735948507794104,
    0.17155340952532633,
    0.15630151892165273,
    0.14020913880876548,
    0.11407207741762287,
    0.15108756280994165,
    0.11299950351698473,
    0.10377366730508489,
    0.08132911510505951,
    0.08834595784856468,
    0.09824375630411537,
    0.08757601022227093,
    0.07830170796411794,
    0.10752943605963361,
    0.10743772733034988,
    0.1063467912499238,
    0.1050168310035708,
    0.09503597749286828,
    0.09165232704517526,
    0.08610355798868975,
    0.0984604863793904,
    0.09603648739526184,
    0.09746758704712997,
    0.0860750467779329,
    0.08963952200870169,
    0.09167620654539156,
    0.08918875782954984
  ],
  "train_acc_tens": [
    0.8911462788708298,
    0.989093242087254,
    0.9948674080410608,
    0.9980752780153977,
    0.9987168520102652,
    0.9985029940119761,
    0.9991445680068435,
    0.9991445680068435,
    0.9997861420017109,
    0.9997861420017109,
    0.9997861420017109,
    0.9997861420017109,
    1.0,
    1.0,
    0.9997861420017109,
    1.0,
    0.9997861420017109,
    1.0,
    0.9997861420017109,
    0.9997861420017109,
    1.0,
    1.0,
    1.0,
    0.9997861420017109,
    1.0,
    1.0,
    1.0,
    1.0,
    1.0,
    1.0
  ],
  "train_acc_ones": [
    0.4473909324208725,
    0.9221556886227545,
    0.9696321642429427,
    0.9784003421727973,
    0.9852437981180496,
    0.9905902480752781,
    0.9910179640718563,
    0.9914456800684346,
    0.9948674080410608,
    0.9950812660393499,
    0.9976475620188195,
    0.998289136013687,
    0.998289136013687,
    0.998289136013687,
    0.9987168520102652,
    0.9985029940119761,
    0.9985029940119761,
    0.9993584260051326,
    0.9991445680068435,
    0.9989307100085543,
    0.9989307100085543,
    0.9995722840034217,
    0.9995722840034217,
    0.9989307100085543,
    0.9993584260051326,
    0.9997861420017109,
    0.9997861420017109,
    0.9995722840034217,
    0.9997861420017109,
    0.9995722840034217
  ],
  "train_acc_number": [
    0.4178785286569718,
    0.9148845166809239,
    0.9664242942686057,
    0.9773310521813516,
    0.9841745081266039,
    0.9895209580838323,
    0.9905902480752781,
    0.9912318220701454,
    0.9946535500427716,
    0.9950812660393499,
    0.9974337040205303,
    0.9980752780153977,
    0.998289136013687,
    0.998289136013687,
    0.9987168520102652,
    0.9985029940119761,
    0.9985029940119761,
    0.9993584260051326,
    0.9991445680068435,
    0.9987168520102652,
    0.9989307100085543,
    0.9995722840034217,
    0.9995722840034217,
    0.9989307100085543,
    0.9993584260051326,
    0.9997861420017109,
    0.9997861420017109,
    0.9995722840034217,
    0.9997861420017109,
    0.9995722840034217
  ],
  "val_acc_tens": [
    0.9790940766550522,
    0.9895470383275261,
    0.9930313588850174,
    0.9895470383275261,
    0.9947735191637631,
    0.9912891986062717,
    0.9912891986062717,
    0.9912891986062717,
    0.9930313588850174,
    0.9965156794425087,
    0.9965156794425087,
    0.9947735191637631,
    0.9947735191637631,
    0.9947735191637631,
    0.9947735191637631,
    0.9947735191637631,
    0.9947735191637631,
    0.9947735191637631,
    0.9947735191637631,
    0.9965156794425087,
    0.9965156794425087,
    0.9965156794425087,
    0.9965156794425087,
    0.9947735191637631,
    0.9965156794425087,
    0.9965156794425087,
    0.9965156794425087,
    0.9965156794425087,
    0.9965156794425087,
    0.9965156794425087
  ],
  "val_acc_ones": [
    0.8205574912891986,
    0.9407665505226481,
    0.9651567944250871,
    0.9529616724738676,
    0.9494773519163763,
    0.9599303135888502,
    0.9721254355400697,
    0.9790940766550522,
    0.9686411149825784,
    0.9738675958188153,
    0.9773519163763066,
    0.9843205574912892,
    0.9825783972125436,
    0.980836236933798,
    0.980836236933798,
    0.9843205574912892,
    0.980836236933798,
    0.9825783972125436,
    0.9773519163763066,
    0.9825783972125436,
    0.9860627177700348,
    0.9860627177700348,
    0.9825783972125436,
    0.9773519163763066,
    0.980836236933798,
    0.9790940766550522,
    0.9843205574912892,
    0.9825783972125436,
    0.9843205574912892,
    0.9860627177700348
  ],
  "val_acc_number": [
    0.8083623693379791,
    0.9372822299651568,
    0.9616724738675958,
    0.945993031358885,
    0.9477351916376306,
    0.9564459930313589,
    0.9686411149825784,
    0.9721254355400697,
    0.9634146341463414,
    0.9703832752613241,
    0.9738675958188153,
    0.9790940766550522,
    0.9790940766550522,
    0.9773519163763066,
    0.9773519163763066,
    0.9790940766550522,
    0.9773519163763066,
    0.9790940766550522,
    0.9738675958188153,
    0.9790940766550522,
    0.9825783972125436,
    0.9825783972125436,
    0.9790940766550522,
    0.9738675958188153,
    0.9773519163763066,
    0.975609756097561,
    0.980836236933798,
    0.9790940766550522,
    0.980836236933798,
    0.9825783972125436
  ]
}