{
  "train_loss": [
    2.417249770935424,
    0.3388073091531432,
    0.12180405523758653,
    0.08168259811156627,
    0.06262332455942629,
    0.04262040296714463,
    0.03455137128091654,
    0.02757081274704815,
    0.014720493014599137,
    0.011041417424754264,
    0.011843136863080327,
    0.010331897984415778,
    0.008401041641716676,
    0.009415945199129416,
    0.003401145504722236,
    0.005824406270393457,
    0.0033654610604889074,
    0.0015723035058167573,
    0.002107737893421901,
    0.0018011284139647864,
    0.0013324774107023425,
    0.0012627418118730583,
    0.0011795236321980368,
    0.0015269175516019222,
    0.0028667461933286095,
    0.0010183965221646507,
    0.0014168307809772605,
    0.00099177137208454,
    0.0010201389765107194,
    0.002420703094162627
  ],
  "val_loss": [
    0.7699420942246706,
    0.22561387961749832,
    0.1698504989570857,
    0.21243714081701087,
    0.1883946086056141,
    0.16344409599536802,
    0.12812506591816814,
    0.19182987204827498,
    0.18657722145007463,
    0.10642124650162686,
    0.11095730093298058,
    0.12719971589250847,
    0.09123232142954338,
    0.09938005843436676,
    0.11204758509733952,
    0.11053377774118962,
    0.09556461839518066,
    0.09629479865786922,
    0.10458779493379261,
    0.08692805176334721,
    0.10180979880799608,
    0.08876965333178691,
    0.10374599144849213,
    0.1017534692061072,
    0.09977778774858144,
    0.10353082950626101,
    0.10831432210651425,
    0.10252598499171825,
    0.1052687091279113,
    0.10050187128164419
  ],
  "train_acc_tens": [
    0.7790846877673225,
    0.9886655260906758,
    0.9970059880239521,
    0.9970059880239521,
    0.998289136013687,
    0.9987168520102652,
    0.9995722840034217,
    0.9987168520102652,
    0.9997861420017109,
    0.9995722840034217,
    0.9997861420017109,
    1.0,
    1.0,
    1.0,
    1.0,
    1.0,
    1.0,
    1.0,
    0.9997861420017109,
    1.0,
    1.0,
    1.0,
    1.0,
    1.0,
    1.0,
    1.0,
    1.0,
    1.0,
    1.0,
    1.0
  ],
  "train_acc_ones": [
    0.42664670658682635,
    0.9170230966638152,
    0.9741231822070145,
    0.9792557741659538,
    0.9841745081266039,
    0.9884516680923866,
    0.9901625320786998,
    0.993798118049615,
    0.9965782720273738,
    0.9976475620188195,
    0.9974337040205303,
    0.9972198460222412,
    0.9978614200171086,
    0.9978614200171086,
    0.9993584260051326,
    0.9980752780153977,
    0.9989307100085543,
    0.9995722840034217,
    0.9997861420017109,
    0.9993584260051326,
    0.9997861420017109,
    0.9995722840034217,
    0.9997861420017109,
    0.9995722840034217,
    0.9991445680068435,
    0.9997861420017109,
    0.9995722840034217,
    0.9995722840034217,
    0.9997861420017109,
    0.9997861420017109
  ],
  "train_acc_number": [
    0.3866552609067579,
    0.9114627887082977,
    0.9717707442258341,
    0.9784003421727973,
    0.9831052181351583,
    0.9875962360992301,
    0.9897348160821214,
    0.9933704020530368,
    0.9963644140290847,
    0.9972198460222412,
    0.9972198460222412,
    0.9972198460222412,
    0.9978614200171086,
    0.9978614200171086,
    0.9993584260051326,
    0.9980752780153977,
    0.9989307100085543,
    0.9995722840034217,
    0.9995722840034217,
    0.9993584260051326,
    0.9997861420017109,
    0.9995722840034217,
    0.9997861420017109,
    0.9995722840034217,
    0.9991445680068435,
    0.9997861420017109,
    0.9995722840034217,
    0.9995722840034217,
    0.9997861420017109,
    0.9997861420017109
  ],
  "val_acc_tens": [
    0.9686411149825784,
    0.9912891986062717,
    0.9912891986062717,
    0.9912891986062717,
    0.9947735191637631,
    0.9912891986062717,
    0.9965156794425087,
    0.9930313588850174,
    0.9947735191637631,
    0.9965156794425087,
    0.9965156794425087,
    0.9965156794425087,
    0.9947735191637631,
    0.9965156794425087,
    0.9947735191637631,
    0.9965156794425087,
    0.9965156794425087,
    0.9965156794425087,
    0.9965156794425087,
    0.9965156794425087,
    0.9965156794425087,
    0.9965156794425087,
    0.9965156794425087,
    0.9965156794425087,
    0.9965156794425087,
    0.9965156794425087,
    0.9965156794425087,
    0.9965156794425087,
    0.9965156794425087,
    0.9965156794425087
  ],
  "val_acc_ones": [
    0.7700348432055749,
    0.9581881533101045,
    0.9581881533101045,
    0.9477351916376306,
    0.9494773519163763,
    0.9581881533101045,
    0.9773519163763066,
    0.9599303135888502,
    0.9651567944250871,
    0.9773519163763066,
    0.9790940766550522,
    0.9773519163763066,
    0.9843205574912892,
    0.9825783972125436,
    0.980836236933798,
    0.9825783972125436,
    0.9825783972125436,
    0.9825783972125436,
    0.9825783972125436,
    0.9878048780487805,
    0.9825783972125436,
    0.9843205574912892,
    0.9825783972125436,
    0.9825783972125436,
    0.980836236933798,
    0.9825783972125436,
    0.9860627177700348,
    0.9825783972125436,
    0.9825783972125436,
    0.9825783972125436
  ],
  "val_acc_number": [
    0.7508710801393729,
    0.9512195121951219,
    0.9529616724738676,
    0.9407665505226481,
    0.945993031358885,
    0.9512195121951219,
    0.9738675958188153,
    0.9564459930313589,
    0.9616724738675958,
    0.9738675958188153,
    0.975609756097561,
    0.9738675958188153,
    0.9790940766550522,
    0.9790940766550522,
    0.975609756097561,
    0.9790940766550522,
    0.9790940766550522,
    0.9790940766550522,
    0.9790940766550522,
    0.9843205574912892,
    0.9790940766550522,
    0.980836236933798,
    0.9790940766550522,
    0.9790940766550522,
    0.9773519163763066,
    0.9790940766550522,
    0.9825783972125436,
    0.9790940766550522,
    0.9790940766550522,
    0.9790940766550522
  ]
}