{
  "train_loss": [
    2.2445304746603334,
    0.3290710763303106,
    0.11279099756474165,
    0.0771914806194648,
    0.04822536765050439,
    0.03397463176676715,
    0.021916264851344153,
    0.021567246437684606,
    0.01291799667658614,
    0.008368874610847036,
    0.008623518247294364,
    0.00888160931645957,
    0.006302980452750461,
    0.004422171565586935,
    0.0033796779409853996,
    0.003175075412102496,
    0.0033142828757789424,
    0.004058230958299009,
    0.0027018555522067,
    0.0013066885867008703,
    0.0013529289931288328,
    0.0013574609601467059,
    0.0014216553155329617,
    0.002858141199761318,
    0.0011196955847271087,
    0.0012524583025606806,
    0.0010496082471108416,
    0.000951456758484461,
    0.0014181668631942789,
    0.0023260332510142982
  ],
  "val_loss": [
    0.7344435175121453,
    0.23556912630692592,
    0.17984875860114546,
    0.12026177798414064,
    0.1531215315288783,
    0.09523660069143315,
    0.10897135194585714,
    0.08344630314238395,
    0.131591743637097,
    0.09240049048479426,
    0.10948333839921585,
    0.12782922299507396,
    0.0867334052868421,
    0.10477840352660688,
    0.06431767513216165,
    0.06403879756399979,
    0.07008356162272264,
    0.05945168963214869,
    0.062064420529203135,
    0.0645978165212824,
    0.05618400257794699,
    0.06023405720755614,
    0.061709584609868216,
    0.059456581113542,
    0.05725286284442147,
    0.05448230510441268,
    0.05647556883857329,
    0.05619333924576381,
    0.054699418203132906,
    0.05806653069507473
  ],
  "train_acc_tens": [
    0.8680496150556031,
    0.9852437981180496,
    0.9967921300256629,
    0.9976475620188195,
    0.998289136013687,
    0.9987168520102652,
    0.9997861420017109,
    0.9997861420017109,
    1.0,
    0.9997861420017109,
    1.0,
    1.0,
    0.9997861420017109,
    0.9997861420017109,
    1.0,
    0.9997861420017109,
    1.0,
    1.0,
    1.0,
    1.0,
    1.0,
    1.0,
    1.0,
    1.0,
    1.0,
    1.0,
    1.0,
    1.0,
    1.0,
    1.0
  ],
  "train_acc_ones": [
    0.4553036783575706,
    0.9225834046193327,
    0.9758340461933276,
    0.9843883661248931,
    0.987382378100941,
    0.9925149700598802,
    0.993798118049615,
    0.9944396920444825,
    0.9970059880239521,
    0.9980752780153977,
    0.998289136013687,
    0.9980752780153977,
    0.9987168520102652,
    0.9989307100085543,
    0.9995722840034217,
    0.9991445680068435,
    0.9991445680068435,
    0.9987168520102652,
    0.9995722840034217,
    0.9997861420017109,
    0.9997861420017109,
    0.9995722840034217,
    0.9995722840034217,
    0.9991445680068435,
    0.9997861420017109,
    0.9997861420017109,
    0.9997861420017109,
    0.9997861420017109,
    0.9995722840034217,
    0.9991445680068435
  ],
  "train_acc_number": [
    0.4262189905902481,
    0.913601368691189,
    0.9741231822070145,
    0.9831052181351583,
    0.9869546621043627,
    0.9918733960650128,
    0.9935842600513259,
    0.9942258340461934,
    0.9970059880239521,
    0.9978614200171086,
    0.998289136013687,
    0.9980752780153977,
    0.9985029940119761,
    0.9987168520102652,
    0.9995722840034217,
    0.9989307100085543,
    0.9991445680068435,
    0.9987168520102652,
    0.9995722840034217,
    0.9997861420017109,
    0.9997861420017109,
    0.9995722840034217,
    0.9995722840034217,
    0.9991445680068435,
    0.9997861420017109,
    0.9997861420017109,
    0.9997861420017109,
    0.9997861420017109,
    0.9995722840034217,
    0.9991445680068435
  ],
  "val_acc_tens": [
    0.9634146341463414,
    0.9930313588850174,
    0.9912891986062717,
    0.9930313588850174,
    0.9912891986062717,
    0.9965156794425087,
    0.9965156794425087,
    0.9965156794425087,
    0.9947735191637631,
    0.9947735191637631,
    0.9947735191637631,
    0.9947735191637631,
    0.9965156794425087,
    0.9965156794425087,
    0.9965156794425087,
    0.9965156794425087,
    0.9965156794425087,
    0.9965156794425087,
    0.9965156794425087,
    0.9965156794425087,
    0.9965156794425087,
    0.9965156794425087,
    0.9965156794425087,
    0.9965156794425087,
    0.9965156794425087,
    0.9965156794425087,
    0.9965156794425087,
    0.9965156794425087,
    0.9965156794425087,
    0.9965156794425087
  ],
  "val_acc_ones": [
    0.8048780487804879,
    0.9425087108013938,
    0.9564459930313589,
    0.9721254355400697,
    0.9581881533101045,
    0.975609756097561,
    0.9721254355400697,
    0.9825783972125436,
    0.975609756097561,
    0.980836236933798,
    0.975609756097561,
    0.975609756097561,
    0.9790940766550522,
    0.980836236933798,
    0.9843205574912892,
    0.9878048780487805,
    0.9860627177700348,
    0.9895470383275261,
    0.9860627177700348,
    0.9860627177700348,
    0.9895470383275261,
    0.9895470383275261,
    0.9878048780487805,
    0.9878048780487805,
    0.9860627177700348,
    0.9895470383275261,
    0.9878048780487805,
    0.9878048780487805,
    0.9895470383275261,
    0.9878048780487805
  ],
  "val_acc_number": [
    0.7961672473867596,
    0.9372822299651568,
    0.9494773519163763,
    0.9686411149825784,
    0.9512195121951219,
    0.9721254355400697,
    0.9686411149825784,
    0.9790940766550522,
    0.9703832752613241,
    0.9773519163763066,
    0.9721254355400697,
    0.9721254355400697,
    0.9773519163763066,
    0.9773519163763066,
    0.980836236933798,
    0.9843205574912892,
    0.9825783972125436,
    0.9860627177700348,
    0.9825783972125436,
    0.9825783972125436,
    0.9860627177700348,
    0.9860627177700348,
    0.9843205574912892,
    0.9843205574912892,
    0.9825783972125436,
    0.9860627177700348,
    0.9843205574912892,
    0.9843205574912892,
    0.9860627177700348,
    0.9843205574912892
  ]
}