{
  "model": "attn_bgru_luong",
  "test_acc_from_results": 0.9863,
  "confusion_matrix_accuracies": {
    "ones_digit": 0.9879725085910653,
    "tens_digit": 0.9965635738831615,
    "full_number": 0.9862542955326461
  },
  "num_samples": 582,
  "ones_classes": [
    0,
    1,
    2,
    3,
    4,
    5,
    6,
    7,
    8,
    9
  ],
  "tens_classes": [
    0,
    1,
    2,
    3,
    4,
    5,
    6,
    7,
    8,
    9,
    10
  ],
  "full_number_classes": [
    4,
    6,
    8,
    9,
    48,
    49,
    66,
    89
  ]
}