{
  "train_loss": [
    2.166157593780139,
    0.5513223591678871,
    0.3070547495314563,
    0.23721412688468235,
    0.1712611331401267,
    0.13711951036959044,
    0.14221481092981644,
    0.10785657644169876,
    0.08309670336946041,
    0.06128223430304776,
    0.05961401738908374,
    0.03478104388540478,
    0.04216363143982084,
    0.032107656918803885,
    0.024256905115395147,
    0.017125265581981047,
    0.01588010706383515,
    0.011925922335468877,
    0.017675404802563865,
    0.008120390545924165,
    0.010281482856430693,
    0.003039190920119208,
    0.005494564797146081,
    0.00667923834203552,
    0.003454394198769275,
    0.003208406798547919,
    0.001933121829077767,
    0.002945258155452379,
    0.00207915055741603,
    0.0019279171300811376
  ],
  "val_loss": [
    0.7939744294728136,
    0.42798946211146977,
    0.3746540683487151,
    0.3496382884447583,
    0.31146283432166333,
    0.28287345794019797,
    0.301954971996334,
    0.30619204210487394,
    0.2567076143072042,
    0.2842404613926851,
    0.3068367398574377,
    0.2729394705868764,
    0.26494566904127803,
    0.22266784528406655,
    0.22972812677509694,
    0.18174038489936536,
    0.23571577533196905,
    0.22855812456549668,
    0.21651870178428675,
    0.22557156800393027,
    0.17688099920541983,
    0.2188904508688724,
    0.23116928505149867,
    0.21446012910650167,
    0.20239694317874177,
    0.20161921845080547,
    0.2103639249186898,
    0.1984655217426579,
    0.2050600527470951,
    0.20272192971631625
  ],
  "train_acc_tens": [
    0.8079555175363559,
    0.9798973481608212,
    0.989093242087254,
    0.9940119760479041,
    0.9961505560307955,
    0.9970059880239521,
    0.9959366980325064,
    0.9963644140290847,
    0.9976475620188195,
    0.9985029940119761,
    0.9985029940119761,
    0.9985029940119761,
    1.0,
    0.9993584260051326,
    0.9997861420017109,
    0.9991445680068435,
    0.9995722840034217,
    0.9993584260051326,
    0.9995722840034217,
    0.9995722840034217,
    1.0,
    1.0,
    1.0,
    0.9997861420017109,
    0.9997861420017109,
    0.9997861420017109,
    1.0,
    1.0,
    0.9997861420017109,
    1.0
  ],
  "train_acc_ones": [
    0.463857998289136,
    0.8227117194183062,
    0.9097519247219846,
    0.9268605645851155,
    0.9473909324208726,
    0.9570145423438836,
    0.960650128314799,
    0.9694183062446535,
    0.9790419161676647,
    0.9803250641573995,
    0.9822497861420018,
    0.9895209580838323,
    0.9867408041060736,
    0.9910179640718563,
    0.9929426860564585,
    0.9961505560307955,
    0.9959366980325064,
    0.9961505560307955,
    0.9955089820359282,
    0.9972198460222412,
    0.9974337040205303,
    0.9987168520102652,
    0.998289136013687,
    0.9978614200171086,
    0.9987168520102652,
    0.9991445680068435,
    0.9995722840034217,
    0.9989307100085543,
    0.9997861420017109,
    0.9993584260051326
  ],
  "train_acc_number": [
    0.4227972626176219,
    0.8147989734816082,
    0.9035500427715997,
    0.9234388366124893,
    0.9454662104362703,
    0.955945252352438,
    0.9578699743370402,
    0.966852010265184,
    0.9771171941830624,
    0.9796834901625321,
    0.9813943541488451,
    0.9884516680923866,
    0.9867408041060736,
    0.9905902480752781,
    0.9927288280581694,
    0.9955089820359282,
    0.9955089820359282,
    0.9957228400342173,
    0.9955089820359282,
    0.9967921300256629,
    0.9974337040205303,
    0.9987168520102652,
    0.998289136013687,
    0.9978614200171086,
    0.9987168520102652,
    0.9989307100085543,
    0.9995722840034217,
    0.9989307100085543,
    0.9995722840034217,
    0.9993584260051326
  ],
  "val_acc_tens": [
    0.9668989547038328,
    0.9773519163763066,
    0.9843205574912892,
    0.9878048780487805,
    0.9912891986062717,
    0.9878048780487805,
    0.9912891986062717,
    0.9912891986062717,
    0.9895470383275261,
    0.9878048780487805,
    0.9878048780487805,
    0.9895470383275261,
    0.9895470383275261,
    0.9912891986062717,
    0.9947735191637631,
    0.9912891986062717,
    0.9912891986062717,
    0.9930313588850174,
    0.9930313588850174,
    0.9930313588850174,
    0.9947735191637631,
    0.9912891986062717,
    0.9930313588850174,
    0.9930313588850174,
    0.9930313588850174,
    0.9930313588850174,
    0.9930313588850174,
    0.9930313588850174,
    0.9930313588850174,
    0.9930313588850174
  ],
  "val_acc_ones": [
    0.7491289198606271,
    0.8954703832752613,
    0.9006968641114983,
    0.9094076655052264,
    0.921602787456446,
    0.9425087108013938,
    0.9320557491289199,
    0.9425087108013938,
    0.9494773519163763,
    0.9425087108013938,
    0.9425087108013938,
    0.9390243902439024,
    0.9529616724738676,
    0.9529616724738676,
    0.9512195121951219,
    0.9581881533101045,
    0.9634146341463414,
    0.9668989547038328,
    0.9599303135888502,
    0.9651567944250871,
    0.9686411149825784,
    0.9529616724738676,
    0.9564459930313589,
    0.9634146341463414,
    0.9686411149825784,
    0.9686411149825784,
    0.9703832752613241,
    0.9651567944250871,
    0.9668989547038328,
    0.9721254355400697
  ],
  "val_acc_number": [
    0.7386759581881533,
    0.8815331010452961,
    0.8885017421602788,
    0.9024390243902439,
    0.9181184668989547,
    0.9390243902439024,
    0.9285714285714286,
    0.9390243902439024,
    0.945993031358885,
    0.9390243902439024,
    0.9337979094076655,
    0.9372822299651568,
    0.9477351916376306,
    0.9494773519163763,
    0.9477351916376306,
    0.9547038327526133,
    0.9599303135888502,
    0.9634146341463414,
    0.9581881533101045,
    0.9616724738675958,
    0.9668989547038328,
    0.9512195121951219,
    0.9547038327526133,
    0.9599303135888502,
    0.9634146341463414,
    0.9651567944250871,
    0.9651567944250871,
    0.9616724738675958,
    0.9616724738675958,
    0.9668989547038328
  ]
}