{
  "train_loss": [
    3.6360608860404193,
    2.359036513329368,
    1.7908912182262149,
    1.4028455148506,
    1.0171461341929702,
    0.8012644602153116,
    0.7000142041182702,
    0.6189928438237225,
    0.5580496123145032,
    0.5397727646513614,
    0.514962189007866,
    0.5041398667595751,
    0.47716221022136807,
    0.44691304450773395,
    0.3304724893170203,
    0.3024308650895405,
    0.2786438879138695,
    0.23381072420457982,
    0.16495774646821035,
    0.14530041933671545,
    0.12842660810929063,
    0.10477827347885145,
    0.08392265742410443,
    0.07204963693871673,
    0.06119928368143387,
    0.055708374703817634,
    0.05168257032937734,
    0.04974208477728381,
    0.04773915028143786,
    0.04722944684677189
  ],
  "val_loss": [
    2.8187463565985915,
    2.0732420554144455,
    1.6584373351173534,
    1.214147761723721,
    0.9369049653774355,
    0.8059960109431569,
    0.7648890741195413,
    0.6458691578708875,
    0.6988373718610624,
    0.7253333087166842,
    0.626702640114761,
    0.539301930404291,
    0.5542212334244093,
    0.4654378234717073,
    0.43499076304120055,
    0.3353200220480198,
    0.29785457596130904,
    0.21924571687751532,
    0.20361513460139363,
    0.20664152949529244,
    0.17306256854991048,
    0.1615233890686301,
    0.15435010547837313,
    0.1477184810704886,
    0.13319951171243646,
    0.12593385836803955,
    0.11556464070227088,
    0.12231361357177176,
    0.11268166611003544,
    0.11270817563924225
  ],
  "train_acc_tens": [
    0.760906757912746,
    0.9358426005132592,
    0.9358426005132592,
    0.9471770744225834,
    0.949743370402053,
    0.9486740804106074,
    0.951240376390077,
    0.9591531223267751,
    0.9593669803250642,
    0.9597946963216424,
    0.9630025662959795,
    0.9636441402908469,
    0.9689905902480753,
    0.9683490162532079,
    0.9766894781864842,
    0.9771171941830624,
    0.9788280581693756,
    0.9813943541488451,
    0.98267750213858,
    0.9837467921300257,
    0.9807527801539777,
    0.9839606501283148,
    0.9843883661248931,
    0.9852437981180496,
    0.9850299401197605,
    0.9850299401197605,
    0.9852437981180496,
    0.9852437981180496,
    0.9852437981180496,
    0.9852437981180496
  ],
  "train_acc_ones": [
    0.19546621043627033,
    0.38088109495295125,
    0.43627031650983744,
    0.5906757912745937,
    0.8329769033361848,
    0.9067579127459366,
    0.9294268605645851,
    0.9349871685201027,
    0.954448246364414,
    0.9542343883661248,
    0.9625748502994012,
    0.9644995722840034,
    0.9662104362703166,
    0.9516680923866553,
    0.9670658682634731,
    0.9711291702309667,
    0.9612917023096664,
    0.9681351582549187,
    0.9848160821214713,
    0.987382378100941,
    0.9914456800684346,
    0.9935842600513259,
    0.9972198460222412,
    0.9976475620188195,
    0.9985029940119761,
    0.9989307100085543,
    0.9987168520102652,
    0.9991445680068435,
    0.9989307100085543,
    0.9993584260051326
  ],
  "train_acc_number": [
    0.18242087254063302,
    0.36377245508982037,
    0.4016253207869974,
    0.554961505560308,
    0.7927715996578272,
    0.8624893071000855,
    0.8853721129170231,
    0.8988451668092386,
    0.9170230966638152,
    0.9170230966638152,
    0.9289991445680068,
    0.9317792985457656,
    0.9394781864841745,
    0.9242942686056459,
    0.9463216424294268,
    0.9510265183917879,
    0.9437553464499572,
    0.9510265183917879,
    0.9681351582549187,
    0.9726261762189906,
    0.973267750213858,
    0.9781864841745082,
    0.9818220701454234,
    0.9833190761334474,
    0.9839606501283148,
    0.9841745081266039,
    0.9843883661248931,
    0.9846022241231822,
    0.9843883661248931,
    0.9848160821214713
  ],
  "val_acc_tens": [
    0.9285714285714286,
    0.9285714285714286,
    0.9320557491289199,
    0.9442508710801394,
    0.9390243902439024,
    0.9442508710801394,
    0.9564459930313589,
    0.9337979094076655,
    0.9703832752613241,
    0.9494773519163763,
    0.9703832752613241,
    0.9564459930313589,
    0.945993031358885,
    0.9599303135888502,
    0.9668989547038328,
    0.9703832752613241,
    0.9703832752613241,
    0.9738675958188153,
    0.975609756097561,
    0.9738675958188153,
    0.975609756097561,
    0.975609756097561,
    0.975609756097561,
    0.975609756097561,
    0.975609756097561,
    0.975609756097561,
    0.975609756097561,
    0.9790940766550522,
    0.9790940766550522,
    0.9790940766550522
  ],
  "val_acc_ones": [
    0.3641114982578397,
    0.41289198606271776,
    0.4843205574912892,
    0.7613240418118467,
    0.8588850174216028,
    0.8815331010452961,
    0.9094076655052264,
    0.9337979094076655,
    0.8867595818815331,
    0.8693379790940766,
    0.9425087108013938,
    0.9407665505226481,
    0.945993031358885,
    0.9181184668989547,
    0.9355400696864111,
    0.9634146341463414,
    0.9599303135888502,
    0.980836236933798,
    0.980836236933798,
    0.9738675958188153,
    0.9825783972125436,
    0.980836236933798,
    0.9843205574912892,
    0.9860627177700348,
    0.9878048780487805,
    0.9895470383275261,
    0.9912891986062717,
    0.9895470383275261,
    0.9912891986062717,
    0.9912891986062717
  ],
  "val_acc_number": [
    0.34494773519163763,
    0.3797909407665505,
    0.4355400696864111,
    0.7229965156794426,
    0.818815331010453,
    0.8327526132404182,
    0.8832752613240418,
    0.8780487804878049,
    0.8606271777003485,
    0.8222996515679443,
    0.9233449477351916,
    0.9094076655052264,
    0.8972125435540069,
    0.8850174216027874,
    0.9111498257839721,
    0.9425087108013938,
    0.9390243902439024,
    0.9581881533101045,
    0.9599303135888502,
    0.9547038327526133,
    0.9616724738675958,
    0.9599303135888502,
    0.9634146341463414,
    0.9651567944250871,
    0.9668989547038328,
    0.9668989547038328,
    0.9668989547038328,
    0.9686411149825784,
    0.9703832752613241,
    0.9703832752613241
  ]
}