{
  "train_loss": [
    3.1043559026269447,
    0.6775629224687483,
    0.23790775638446532,
    0.11943004557574478,
    0.07676565188235764,
    0.05836067432211035,
    0.03235739505219602,
    0.027522997635873184,
    0.023632654274907045,
    0.01981723747057625,
    0.01397150918089293,
    0.014023422277106292,
    0.013754753295532957,
    0.007869474953112182,
    0.0074513056423033885,
    0.00712832278222279,
    0.004289923186379686,
    0.0042920964359727245,
    0.003874490845397153,
    0.003137520712802714,
    0.0029209436158832065,
    0.00228322589876715,
    0.002274213921218167,
    0.002094023879314713,
    0.0020299004733409505,
    0.002057034863275376,
    0.0020239075551795795,
    0.00207323322854968,
    0.002035766024177558,
    0.0021473833441836288
  ],
  "val_loss": [
    1.1827842981557812,
    0.3907476401910549,
    0.2642897006111278,
    0.17302160406361888,
    0.22227535513635296,
    0.14711540916655538,
    0.12742863496836884,
    0.14775025527859398,
    0.09260981807725355,
    0.1008128334836262,
    0.10197780943290698,
    0.10701680858376134,
    0.12481244767688293,
    0.12259426622129069,
    0.10636787856393574,
    0.10752559346812111,
    0.1300967977177806,
    0.15001476182235657,
    0.135789244977647,
    0.1319324755294813,
    0.11748871394150764,
    0.11627550916389306,
    0.11841885937630922,
    0.12051706630022684,
    0.12160626331584379,
    0.11354619901925844,
    0.12666780487974968,
    0.11496918648481369,
    0.11272058411394262,
    0.1170362400650355
  ],
  "train_acc_tens": [
    0.6565440547476475,
    0.9796834901625321,
    0.9948674080410608,
    0.9976475620188195,
    0.998289136013687,
    0.9985029940119761,
    0.9995722840034217,
    0.9989307100085543,
    0.9995722840034217,
    0.9993584260051326,
    0.9997861420017109,
    0.9997861420017109,
    0.9997861420017109,
    0.9997861420017109,
    0.9997861420017109,
    1.0,
    1.0,
    1.0,
    1.0,
    1.0,
    1.0,
    1.0,
    1.0,
    1.0,
    1.0,
    1.0,
    1.0,
    1.0,
    1.0,
    1.0
  ],
  "train_acc_ones": [
    0.3235671514114628,
    0.8278443113772455,
    0.955945252352438,
    0.9796834901625321,
    0.9867408041060736,
    0.9875962360992301,
    0.9940119760479041,
    0.9959366980325064,
    0.995295124037639,
    0.9963644140290847,
    0.9974337040205303,
    0.9965782720273738,
    0.9978614200171086,
    0.9993584260051326,
    0.9987168520102652,
    0.9985029940119761,
    0.9995722840034217,
    0.9991445680068435,
    0.9991445680068435,
    0.9993584260051326,
    0.9993584260051326,
    0.9997861420017109,
    0.9997861420017109,
    0.9997861420017109,
    0.9997861420017109,
    0.9997861420017109,
    1.0,
    0.9997861420017109,
    0.9997861420017109,
    0.9997861420017109
  ],
  "train_acc_number": [
    0.28699743370402053,
    0.8152266894781864,
    0.9531650983746792,
    0.9786142001710864,
    0.9856715141146278,
    0.9865269461077845,
    0.9935842600513259,
    0.9955089820359282,
    0.995295124037639,
    0.9959366980325064,
    0.9972198460222412,
    0.9963644140290847,
    0.9978614200171086,
    0.9991445680068435,
    0.9985029940119761,
    0.9985029940119761,
    0.9995722840034217,
    0.9991445680068435,
    0.9991445680068435,
    0.9993584260051326,
    0.9993584260051326,
    0.9997861420017109,
    0.9997861420017109,
    0.9997861420017109,
    0.9997861420017109,
    0.9997861420017109,
    1.0,
    0.9997861420017109,
    0.9997861420017109,
    0.9997861420017109
  ],
  "val_acc_tens": [
    0.9547038327526133,
    0.9895470383275261,
    0.9860627177700348,
    0.9930313588850174,
    0.9930313588850174,
    0.9947735191637631,
    0.9947735191637631,
    0.9912891986062717,
    0.9965156794425087,
    0.9947735191637631,
    0.9947735191637631,
    0.9947735191637631,
    0.9947735191637631,
    0.9947735191637631,
    0.9965156794425087,
    0.9930313588850174,
    0.9965156794425087,
    0.9965156794425087,
    0.9965156794425087,
    0.9965156794425087,
    0.9965156794425087,
    0.9965156794425087,
    0.9965156794425087,
    0.9965156794425087,
    0.9965156794425087,
    0.9965156794425087,
    0.9965156794425087,
    0.9965156794425087,
    0.9965156794425087,
    0.9965156794425087
  ],
  "val_acc_ones": [
    0.5993031358885017,
    0.921602787456446,
    0.9407665505226481,
    0.9581881533101045,
    0.9355400696864111,
    0.9651567944250871,
    0.9738675958188153,
    0.9686411149825784,
    0.9773519163763066,
    0.9790940766550522,
    0.975609756097561,
    0.9825783972125436,
    0.9738675958188153,
    0.980836236933798,
    0.980836236933798,
    0.9773519163763066,
    0.975609756097561,
    0.9721254355400697,
    0.9703832752613241,
    0.9773519163763066,
    0.975609756097561,
    0.9790940766550522,
    0.980836236933798,
    0.9790940766550522,
    0.9790940766550522,
    0.9825783972125436,
    0.9773519163763066,
    0.975609756097561,
    0.980836236933798,
    0.9790940766550522
  ],
  "val_acc_number": [
    0.5679442508710801,
    0.9128919860627178,
    0.9320557491289199,
    0.9529616724738676,
    0.9320557491289199,
    0.9616724738675958,
    0.9686411149825784,
    0.9616724738675958,
    0.9738675958188153,
    0.9738675958188153,
    0.9703832752613241,
    0.9773519163763066,
    0.9686411149825784,
    0.975609756097561,
    0.9773519163763066,
    0.9703832752613241,
    0.9721254355400697,
    0.9686411149825784,
    0.9668989547038328,
    0.9738675958188153,
    0.9721254355400697,
    0.975609756097561,
    0.9773519163763066,
    0.975609756097561,
    0.975609756097561,
    0.9790940766550522,
    0.9738675958188153,
    0.9721254355400697,
    0.9773519163763066,
    0.975609756097561
  ]
}