{
  "train_loss": [
    2.2038096941057894,
    0.3288493021825524,
    0.12566960194459625,
    0.07856102536334453,
    0.054639008740669036,
    0.047620190168875115,
    0.029382319915386423,
    0.02585242539516772,
    0.02335538802440601,
    0.016420505029508658,
    0.006196988735370293,
    0.020288333105571866,
    0.008693452749219687,
    0.007922019226312433,
    0.0025788886461429253,
    0.004626524254641439,
    0.002788447359874781,
    0.001822929768811137,
    0.0026006676683678802,
    0.002324701477259627,
    0.0022462323193268656,
    0.0012768784886858623,
    0.0009394868048365245,
    0.0012251178202616851,
    0.0013926555653532109,
    0.0010242703585057712,
    0.000982375966880544,
    0.0012385492859180408,
    0.0032715494812197723,
    0.0008667933573775867
  ],
  "val_loss": [
    0.6948226370462557,
    0.2579981886135992,
    0.17845386038258515,
    0.1639305504772306,
    0.14681405654559984,
    0.13584323668729137,
    0.14488995513953398,
    0.14176483779418758,
    0.10343126334795137,
    0.08949940784052274,
    0.16386476527730762,
    0.1447874356437643,
    0.1297611705309838,
    0.08791845951242314,
    0.07390705039173052,
    0.1014818551492608,
    0.0879655765427945,
    0.06910400949288743,
    0.11759639103030493,
    0.1048762930706403,
    0.09739350932504241,
    0.07864764592373413,
    0.07763591107591104,
    0.08084028479010386,
    0.0846263495264153,
    0.08825037532359466,
    0.08867804594467742,
    0.08427291340113517,
    0.08695570466462328,
    0.08698266179979056
  ],
  "train_acc_tens": [
    0.8509409751924722,
    0.9875962360992301,
    0.9950812660393499,
    0.9989307100085543,
    0.9989307100085543,
    0.998289136013687,
    0.9995722840034217,
    0.9995722840034217,
    0.9995722840034217,
    0.9995722840034217,
    1.0,
    0.9989307100085543,
    0.9997861420017109,
    1.0,
    1.0,
    1.0,
    1.0,
    1.0,
    1.0,
    1.0,
    1.0,
    1.0,
    1.0,
    1.0,
    1.0,
    1.0,
    1.0,
    1.0,
    0.9997861420017109,
    1.0
  ],
  "train_acc_ones": [
    0.4899486740804106,
    0.9200171086398631,
    0.9719846022241232,
    0.9803250641573995,
    0.9856715141146278,
    0.9886655260906758,
    0.9923011120615911,
    0.9935842600513259,
    0.993798118049615,
    0.9959366980325064,
    0.998289136013687,
    0.9957228400342173,
    0.9980752780153977,
    0.998289136013687,
    0.9993584260051326,
    0.9985029940119761,
    0.9991445680068435,
    0.9995722840034217,
    0.9987168520102652,
    0.9993584260051326,
    0.9993584260051326,
    0.9993584260051326,
    0.9997861420017109,
    0.9995722840034217,
    0.9995722840034217,
    0.9997861420017109,
    0.9997861420017109,
    0.9997861420017109,
    0.9993584260051326,
    0.9997861420017109
  ],
  "train_acc_number": [
    0.4525235243798118,
    0.9125320786997434,
    0.9687767322497861,
    0.9798973481608212,
    0.9850299401197605,
    0.9882378100940975,
    0.9918733960650128,
    0.9933704020530368,
    0.9935842600513259,
    0.9957228400342173,
    0.998289136013687,
    0.9950812660393499,
    0.9978614200171086,
    0.998289136013687,
    0.9993584260051326,
    0.9985029940119761,
    0.9991445680068435,
    0.9995722840034217,
    0.9987168520102652,
    0.9993584260051326,
    0.9993584260051326,
    0.9993584260051326,
    0.9997861420017109,
    0.9995722840034217,
    0.9995722840034217,
    0.9997861420017109,
    0.9997861420017109,
    0.9997861420017109,
    0.9991445680068435,
    0.9997861420017109
  ],
  "val_acc_tens": [
    0.9581881533101045,
    0.9930313588850174,
    0.9930313588850174,
    0.9947735191637631,
    0.9930313588850174,
    0.9930313588850174,
    0.9947735191637631,
    0.9947735191637631,
    0.9947735191637631,
    0.9947735191637631,
    0.9965156794425087,
    0.9947735191637631,
    0.9947735191637631,
    0.9965156794425087,
    0.9965156794425087,
    0.9965156794425087,
    0.9965156794425087,
    0.9965156794425087,
    0.9947735191637631,
    0.9965156794425087,
    0.9965156794425087,
    0.9965156794425087,
    0.9965156794425087,
    0.9965156794425087,
    0.9965156794425087,
    0.9965156794425087,
    0.9965156794425087,
    0.9965156794425087,
    0.9965156794425087,
    0.9965156794425087
  ],
  "val_acc_ones": [
    0.7996515679442509,
    0.9390243902439024,
    0.9529616724738676,
    0.9581881533101045,
    0.9721254355400697,
    0.9651567944250871,
    0.9616724738675958,
    0.9634146341463414,
    0.980836236933798,
    0.980836236933798,
    0.9668989547038328,
    0.9668989547038328,
    0.9738675958188153,
    0.980836236933798,
    0.9878048780487805,
    0.9825783972125436,
    0.9825783972125436,
    0.9912891986062717,
    0.975609756097561,
    0.980836236933798,
    0.9843205574912892,
    0.9895470383275261,
    0.9912891986062717,
    0.9860627177700348,
    0.9843205574912892,
    0.980836236933798,
    0.9860627177700348,
    0.9860627177700348,
    0.9860627177700348,
    0.9843205574912892
  ],
  "val_acc_number": [
    0.7909407665505227,
    0.9355400696864111,
    0.9494773519163763,
    0.9547038327526133,
    0.9651567944250871,
    0.9599303135888502,
    0.9581881533101045,
    0.9599303135888502,
    0.975609756097561,
    0.975609756097561,
    0.9634146341463414,
    0.9634146341463414,
    0.9686411149825784,
    0.9773519163763066,
    0.9843205574912892,
    0.9790940766550522,
    0.9790940766550522,
    0.9878048780487805,
    0.9703832752613241,
    0.9773519163763066,
    0.980836236933798,
    0.9860627177700348,
    0.9878048780487805,
    0.9825783972125436,
    0.980836236933798,
    0.9773519163763066,
    0.9825783972125436,
    0.9825783972125436,
    0.9825783972125436,
    0.980836236933798
  ]
}