{
  "train_loss": [
    2.1974243917864955,
    0.31046840530669617,
    0.1218561897734682,
    0.059155314676368004,
    0.040442959736105316,
    0.031118848315663986,
    0.02251513028267207,
    0.016612826350206385,
    0.010183174478589622,
    0.008500949555324428,
    0.004993562875801523,
    0.009120689843637092,
    0.0066757959061142114,
    0.005203022877307301,
    0.0026552207812577666,
    0.0018641835762151192,
    0.0016002864843765012,
    0.0012614808855554403,
    0.0017750177809680192,
    0.0030361357869196385,
    0.0016926859718188962,
    0.0013175632476398738,
    0.0009159821797069879,
    0.0009213010402088802,
    0.0012709447927613663,
    0.0008544756674786936,
    0.0008166617721038766,
    0.0010012704608173223,
    0.0009930711765387204,
    0.0010709015603142993
  ],
  "val_loss": [
    0.6719164873249439,
    0.20154380154526608,
    0.11732971605938901,
    0.18746421623728415,
    0.09560173485129553,
    0.11059748088025881,
    0.14822163835219807,
    0.06931503093720313,
    0.08142854712046813,
    0.06984309859911324,
    0.08305564193048544,
    0.07929205897066235,
    0.07912410476378032,
    0.07035602643462839,
    0.06214319545944393,
    0.05943975728719077,
    0.05582334096981569,
    0.06394724377823624,
    0.07250786105735481,
    0.07513161970931997,
    0.08700013387857414,
    0.08093095895305327,
    0.0669508738255044,
    0.0746183989095771,
    0.07810702933102379,
    0.07925196831156775,
    0.07639415911966707,
    0.07608870771236537,
    0.0678831009447367,
    0.07454008509758665
  ],
  "train_acc_tens": [
    0.83169375534645,
    0.9888793840889649,
    0.9965782720273738,
    0.9987168520102652,
    0.9989307100085543,
    0.9987168520102652,
    0.9989307100085543,
    0.9989307100085543,
    0.9995722840034217,
    0.9997861420017109,
    1.0,
    0.9997861420017109,
    0.9997861420017109,
    1.0,
    1.0,
    1.0,
    1.0,
    1.0,
    1.0,
    0.9995722840034217,
    1.0,
    1.0,
    1.0,
    1.0,
    1.0,
    1.0,
    1.0,
    1.0,
    1.0,
    1.0
  ],
  "train_acc_ones": [
    0.459153122326775,
    0.926218990590248,
    0.9739093242087254,
    0.9850299401197605,
    0.9905902480752781,
    0.9929426860564585,
    0.9944396920444825,
    0.9961505560307955,
    0.9972198460222412,
    0.9987168520102652,
    0.9993584260051326,
    0.9980752780153977,
    0.9985029940119761,
    0.9985029940119761,
    0.9987168520102652,
    0.9997861420017109,
    0.9991445680068435,
    0.9997861420017109,
    0.9995722840034217,
    0.9997861420017109,
    0.9995722840034217,
    0.9993584260051326,
    1.0,
    0.9995722840034217,
    0.9993584260051326,
    0.9997861420017109,
    1.0,
    0.9997861420017109,
    0.9995722840034217,
    0.9995722840034217
  ],
  "train_acc_number": [
    0.4311377245508982,
    0.9202309666381523,
    0.9721984602224123,
    0.9843883661248931,
    0.9903763900769889,
    0.9923011120615911,
    0.9933704020530368,
    0.9950812660393499,
    0.9970059880239521,
    0.9985029940119761,
    0.9993584260051326,
    0.9978614200171086,
    0.998289136013687,
    0.9985029940119761,
    0.9987168520102652,
    0.9997861420017109,
    0.9991445680068435,
    0.9997861420017109,
    0.9995722840034217,
    0.9993584260051326,
    0.9995722840034217,
    0.9993584260051326,
    1.0,
    0.9995722840034217,
    0.9993584260051326,
    0.9997861420017109,
    1.0,
    0.9997861420017109,
    0.9995722840034217,
    0.9995722840034217
  ],
  "val_acc_tens": [
    0.9616724738675958,
    0.9930313588850174,
    0.9947735191637631,
    0.9878048780487805,
    0.9930313588850174,
    0.9965156794425087,
    0.9947735191637631,
    0.9965156794425087,
    0.9965156794425087,
    0.9965156794425087,
    0.9965156794425087,
    0.9965156794425087,
    0.9965156794425087,
    0.9965156794425087,
    0.9965156794425087,
    0.9965156794425087,
    0.9965156794425087,
    0.9965156794425087,
    0.9965156794425087,
    0.9965156794425087,
    0.9965156794425087,
    0.9965156794425087,
    0.9965156794425087,
    0.9965156794425087,
    0.9965156794425087,
    0.9965156794425087,
    0.9965156794425087,
    0.9965156794425087,
    0.9965156794425087,
    0.9965156794425087
  ],
  "val_acc_ones": [
    0.7926829268292683,
    0.9599303135888502,
    0.9721254355400697,
    0.9599303135888502,
    0.980836236933798,
    0.9668989547038328,
    0.9686411149825784,
    0.9860627177700348,
    0.9773519163763066,
    0.9878048780487805,
    0.9825783972125436,
    0.9895470383275261,
    0.9878048780487805,
    0.9860627177700348,
    0.9895470383275261,
    0.9878048780487805,
    0.9947735191637631,
    0.9912891986062717,
    0.9878048780487805,
    0.9878048780487805,
    0.9843205574912892,
    0.9878048780487805,
    0.9895470383275261,
    0.9895470383275261,
    0.9860627177700348,
    0.9860627177700348,
    0.9860627177700348,
    0.9860627177700348,
    0.9930313588850174,
    0.9860627177700348
  ],
  "val_acc_number": [
    0.7700348432055749,
    0.9529616724738676,
    0.9668989547038328,
    0.9547038327526133,
    0.975609756097561,
    0.9634146341463414,
    0.9634146341463414,
    0.9825783972125436,
    0.9738675958188153,
    0.9843205574912892,
    0.9790940766550522,
    0.9860627177700348,
    0.9843205574912892,
    0.9825783972125436,
    0.9860627177700348,
    0.9843205574912892,
    0.9912891986062717,
    0.9878048780487805,
    0.9843205574912892,
    0.9843205574912892,
    0.980836236933798,
    0.9843205574912892,
    0.9860627177700348,
    0.9860627177700348,
    0.9825783972125436,
    0.9825783972125436,
    0.9825783972125436,
    0.9825783972125436,
    0.9895470383275261,
    0.9825783972125436
  ]
}