{
  "train_loss": [
    2.014254850031883,
    0.6747130139757161,
    0.33034816198210315,
    0.2484672834875239,
    0.15281898553193993,
    0.13777898306822145,
    0.09173685893531128,
    0.08456634427361044,
    0.06430669400404415,
    0.06722094594055614,
    0.04956639261710735,
    0.04188044592292009,
    0.04228159790369463,
    0.03729047795153766,
    0.019938651673094242,
    0.012698584101565175,
    0.008595848639262242,
    0.010025885596654679,
    0.006300855641491501,
    0.00727743626762599,
    0.004751055795377498,
    0.003252005225272134,
    0.002561144129244867,
    0.0032684223533594476,
    0.002256340073968122,
    0.0025531542005449203,
    0.0020516578257848707,
    0.0016798186852852435,
    0.0015271813620656245,
    0.0018313037115248786
  ],
  "val_loss": [
    1.4187161075113541,
    0.7897547230072554,
    0.6192710121334222,
    0.3750029623716135,
    0.5611490185667829,
    0.29986058876489513,
    0.2881434171457324,
    0.4834715148713115,
    0.30976247787475586,
    0.28101678280880227,
    0.33313328339247755,
    0.35646001210611455,
    0.3789422794501541,
    0.3120706222613929,
    0.2720409461430141,
    0.29679375897301197,
    0.2835691340708982,
    0.2729883455648655,
    0.2745435844315054,
    0.29018835718208075,
    0.3244214355945587,
    0.3017582865074952,
    0.2912729604215157,
    0.2906274237387687,
    0.2809802734062647,
    0.28293516723121087,
    0.28165249651109714,
    0.2829835152169138,
    0.2846350168828765,
    0.2877158258850151
  ],
  "train_acc_tens": [
    0.8440975192472199,
    0.9784003421727973,
    0.9912318220701454,
    0.993798118049615,
    0.9957228400342173,
    0.998289136013687,
    0.9985029940119761,
    0.9972198460222412,
    0.9991445680068435,
    0.998289136013687,
    0.9993584260051326,
    0.9995722840034217,
    0.9987168520102652,
    0.9985029940119761,
    0.9989307100085543,
    0.9997861420017109,
    0.9997861420017109,
    1.0,
    1.0,
    0.9997861420017109,
    1.0,
    1.0,
    1.0,
    1.0,
    1.0,
    1.0,
    0.9997861420017109,
    1.0,
    1.0,
    1.0
  ],
  "train_acc_ones": [
    0.4262189905902481,
    0.7602651839178786,
    0.8934987168520102,
    0.9208725406330197,
    0.9527373823781009,
    0.9557313943541489,
    0.9711291702309667,
    0.9728400342172797,
    0.9796834901625321,
    0.9798973481608212,
    0.9852437981180496,
    0.9867408041060736,
    0.9869546621043627,
    0.9888793840889649,
    0.9948674080410608,
    0.9974337040205303,
    0.998289136013687,
    0.9963644140290847,
    0.9974337040205303,
    0.9976475620188195,
    0.9993584260051326,
    0.9987168520102652,
    0.9995722840034217,
    0.9991445680068435,
    0.9993584260051326,
    0.9995722840034217,
    0.9995722840034217,
    0.9997861420017109,
    0.9995722840034217,
    0.9993584260051326
  ],
  "train_acc_number": [
    0.39029084687767324,
    0.7514970059880239,
    0.8894354148845167,
    0.9174508126603935,
    0.9501710863986313,
    0.9546621043627032,
    0.9700598802395209,
    0.9711291702309667,
    0.9790419161676647,
    0.9790419161676647,
    0.9846022241231822,
    0.9865269461077845,
    0.9863130881094953,
    0.9878100940975193,
    0.993798118049615,
    0.9972198460222412,
    0.9980752780153977,
    0.9963644140290847,
    0.9974337040205303,
    0.9976475620188195,
    0.9993584260051326,
    0.9987168520102652,
    0.9995722840034217,
    0.9991445680068435,
    0.9993584260051326,
    0.9995722840034217,
    0.9993584260051326,
    0.9997861420017109,
    0.9995722840034217,
    0.9993584260051326
  ],
  "val_acc_tens": [
    0.9303135888501742,
    0.9634146341463414,
    0.9860627177700348,
    0.9912891986062717,
    0.9930313588850174,
    0.9895470383275261,
    0.9895470383275261,
    0.9843205574912892,
    0.9930313588850174,
    0.9947735191637631,
    0.9825783972125436,
    0.9912891986062717,
    0.9930313588850174,
    0.9912891986062717,
    0.9930313588850174,
    0.9930313588850174,
    0.9965156794425087,
    0.9947735191637631,
    0.9947735191637631,
    0.9912891986062717,
    0.9930313588850174,
    0.9947735191637631,
    0.9930313588850174,
    0.9947735191637631,
    0.9930313588850174,
    0.9930313588850174,
    0.9930313588850174,
    0.9930313588850174,
    0.9930313588850174,
    0.9947735191637631
  ],
  "val_acc_ones": [
    0.5644599303135889,
    0.7717770034843205,
    0.8222996515679443,
    0.89198606271777,
    0.8466898954703833,
    0.9320557491289199,
    0.9390243902439024,
    0.8972125435540069,
    0.9233449477351916,
    0.9337979094076655,
    0.9372822299651568,
    0.9285714285714286,
    0.9006968641114983,
    0.9181184668989547,
    0.9337979094076655,
    0.9320557491289199,
    0.9407665505226481,
    0.9390243902439024,
    0.9442508710801394,
    0.9355400696864111,
    0.9303135888501742,
    0.9442508710801394,
    0.9407665505226481,
    0.9390243902439024,
    0.9425087108013938,
    0.945993031358885,
    0.945993031358885,
    0.945993031358885,
    0.9442508710801394,
    0.9442508710801394
  ],
  "val_acc_number": [
    0.5418118466898955,
    0.7508710801393729,
    0.8153310104529616,
    0.8850174216027874,
    0.8432055749128919,
    0.926829268292683,
    0.9320557491289199,
    0.89198606271777,
    0.9198606271777003,
    0.9285714285714286,
    0.9250871080139372,
    0.9233449477351916,
    0.8972125435540069,
    0.9111498257839721,
    0.9303135888501742,
    0.926829268292683,
    0.9372822299651568,
    0.9355400696864111,
    0.9407665505226481,
    0.9337979094076655,
    0.926829268292683,
    0.9407665505226481,
    0.9355400696864111,
    0.9355400696864111,
    0.9372822299651568,
    0.9407665505226481,
    0.9407665505226481,
    0.9407665505226481,
    0.9390243902439024,
    0.9407665505226481
  ]
}