{
  "train_loss": [
    3.074103682544927,
    0.6720803442727408,
    0.24183968461610192,
    0.131076999563147,
    0.08931518294446177,
    0.06538182940617701,
    0.04586747581883309,
    0.03873208060643936,
    0.030393817263652975,
    0.0234147929757757,
    0.017087360112660967,
    0.013849168531501059,
    0.014846562778368478,
    0.012989749069189394,
    0.007296052700031304,
    0.0075857241098650306,
    0.006956914686769171,
    0.00467081453373944,
    0.0031791784959129027,
    0.0030229333835957496,
    0.0031938241576414212,
    0.002719884070705613,
    0.0045366092203416,
    0.002369390174402346,
    0.003080908180404872,
    0.002270340435111288,
    0.003197325739318025,
    0.0025957371303421293,
    0.002232325214723729,
    0.0022264821494716778
  ],
  "val_loss": [
    1.267487241000664,
    0.46605735996459,
    0.23679663246101618,
    0.22737015840899238,
    0.19042805574496863,
    0.13898774981498718,
    0.14858950461660111,
    0.11463445684635681,
    0.11177815065982034,
    0.13082800883449328,
    0.09020663982172876,
    0.0895663648324561,
    0.10588059976748888,
    0.09749252798249912,
    0.09690429342956078,
    0.11260013843039603,
    0.11465750079121739,
    0.105526209189086,
    0.11375791743034269,
    0.11820795657015844,
    0.10960681757237438,
    0.12275798691482079,
    0.10877016698130332,
    0.09487738499242669,
    0.09669639897055743,
    0.09703014661210754,
    0.10058801530337916,
    0.09939778396269171,
    0.09772552492726555,
    0.10166156930582863
  ],
  "train_acc_tens": [
    0.7147134302822925,
    0.9630025662959795,
    0.9916595380667237,
    0.995295124037639,
    0.9980752780153977,
    0.9987168520102652,
    0.9989307100085543,
    0.9995722840034217,
    0.9989307100085543,
    0.9995722840034217,
    0.9997861420017109,
    0.9993584260051326,
    1.0,
    1.0,
    1.0,
    1.0,
    1.0,
    1.0,
    1.0,
    1.0,
    1.0,
    1.0,
    1.0,
    1.0,
    1.0,
    1.0,
    0.9997861420017109,
    1.0,
    1.0,
    1.0
  ],
  "train_acc_ones": [
    0.4108212147134303,
    0.8547904191616766,
    0.9589392643284859,
    0.9762617621899059,
    0.9824636441402909,
    0.9878100940975193,
    0.992087254063302,
    0.9912318220701454,
    0.9935842600513259,
    0.9961505560307955,
    0.9967921300256629,
    0.9978614200171086,
    0.9972198460222412,
    0.9972198460222412,
    0.9989307100085543,
    0.998289136013687,
    0.9985029940119761,
    0.9989307100085543,
    0.9997861420017109,
    0.9997861420017109,
    0.9993584260051326,
    0.9997861420017109,
    0.9993584260051326,
    0.9997861420017109,
    0.9993584260051326,
    0.9997861420017109,
    0.9995722840034217,
    0.9995722840034217,
    0.9995722840034217,
    0.9997861420017109
  ],
  "train_acc_number": [
    0.33853721129170233,
    0.8293413173652695,
    0.9542343883661248,
    0.9730538922155688,
    0.9816082121471343,
    0.9867408041060736,
    0.9914456800684346,
    0.9910179640718563,
    0.9933704020530368,
    0.9957228400342173,
    0.9965782720273738,
    0.9974337040205303,
    0.9972198460222412,
    0.9972198460222412,
    0.9989307100085543,
    0.998289136013687,
    0.9985029940119761,
    0.9989307100085543,
    0.9997861420017109,
    0.9997861420017109,
    0.9993584260051326,
    0.9997861420017109,
    0.9993584260051326,
    0.9997861420017109,
    0.9993584260051326,
    0.9997861420017109,
    0.9993584260051326,
    0.9995722840034217,
    0.9995722840034217,
    0.9997861420017109
  ],
  "val_acc_tens": [
    0.9355400696864111,
    0.9895470383275261,
    0.9895470383275261,
    0.9878048780487805,
    0.9930313588850174,
    0.9930313588850174,
    0.9930313588850174,
    0.9930313588850174,
    0.9930313588850174,
    0.9947735191637631,
    0.9965156794425087,
    0.9947735191637631,
    0.9947735191637631,
    0.9965156794425087,
    0.9930313588850174,
    0.9947735191637631,
    0.9930313588850174,
    0.9947735191637631,
    0.9947735191637631,
    0.9947735191637631,
    0.9947735191637631,
    0.9965156794425087,
    0.9947735191637631,
    0.9947735191637631,
    0.9965156794425087,
    0.9965156794425087,
    0.9947735191637631,
    0.9947735191637631,
    0.9947735191637631,
    0.9947735191637631
  ],
  "val_acc_ones": [
    0.6968641114982579,
    0.9041811846689896,
    0.9477351916376306,
    0.9425087108013938,
    0.9494773519163763,
    0.9686411149825784,
    0.9703832752613241,
    0.9790940766550522,
    0.9790940766550522,
    0.975609756097561,
    0.9825783972125436,
    0.980836236933798,
    0.9790940766550522,
    0.9790940766550522,
    0.9825783972125436,
    0.9790940766550522,
    0.9721254355400697,
    0.9773519163763066,
    0.9825783972125436,
    0.980836236933798,
    0.9825783972125436,
    0.9825783972125436,
    0.9790940766550522,
    0.9860627177700348,
    0.9825783972125436,
    0.9843205574912892,
    0.9843205574912892,
    0.9843205574912892,
    0.9843205574912892,
    0.9860627177700348
  ],
  "val_acc_number": [
    0.6533101045296167,
    0.8989547038327527,
    0.9407665505226481,
    0.9372822299651568,
    0.9442508710801394,
    0.9616724738675958,
    0.9634146341463414,
    0.9738675958188153,
    0.9721254355400697,
    0.9721254355400697,
    0.9790940766550522,
    0.975609756097561,
    0.9738675958188153,
    0.975609756097561,
    0.9773519163763066,
    0.9738675958188153,
    0.9668989547038328,
    0.9721254355400697,
    0.9773519163763066,
    0.975609756097561,
    0.9773519163763066,
    0.9790940766550522,
    0.9738675958188153,
    0.980836236933798,
    0.9790940766550522,
    0.980836236933798,
    0.9790940766550522,
    0.9790940766550522,
    0.9790940766550522,
    0.980836236933798
  ]
}