{
  "train_loss": [
    2.5131104439114584,
    0.40008686341415417,
    0.14247002858601646,
    0.08242115839818688,
    0.05389394183460722,
    0.04604876293801568,
    0.02444434826245565,
    0.01873928035702636,
    0.01761999560585381,
    0.008081837838485366,
    0.006764741612867579,
    0.015030978682512295,
    0.006938208082580893,
    0.005661352155961166,
    0.005303288673722305,
    0.0038113378122181236,
    0.002036916485599619,
    0.0013839766140979412,
    0.0026124156469764415,
    0.0023439014131335545,
    0.0028473166852450147,
    0.0015087093523774421,
    0.001354499899290687,
    0.0011785670260877259,
    0.0011608449947742238,
    0.0031052875253662683,
    0.0010979803736338358,
    0.0017068422789039317,
    0.0014206453762674455,
    0.0012381868397098408
  ],
  "val_loss": [
    0.8474297589956675,
    0.25341952262439793,
    0.1546994732232044,
    0.13002389877100023,
    0.15362009644923724,
    0.11823655940099045,
    0.1780458182771447,
    0.09246056596991908,
    0.14681278348280577,
    0.12308408169380879,
    0.11781167579029496,
    0.12006364199446469,
    0.10740591228683236,
    0.12845046750759828,
    0.10797231793663227,
    0.09052939156154723,
    0.08193989034469534,
    0.08123534595275797,
    0.08283652979815671,
    0.09550371698593844,
    0.085791999986882,
    0.08259300842154317,
    0.08342512070042331,
    0.08387582972386158,
    0.08435451106950381,
    0.07856194229102093,
    0.07992679405087794,
    0.08558575092500095,
    0.08509743823718527,
    0.09546647074174798
  ],
  "train_acc_tens": [
    0.8383233532934131,
    0.9878100940975193,
    0.9963644140290847,
    0.9980752780153977,
    0.9987168520102652,
    0.9987168520102652,
    0.9995722840034217,
    0.9997861420017109,
    1.0,
    1.0,
    0.9997861420017109,
    0.9997861420017109,
    1.0,
    1.0,
    0.9997861420017109,
    1.0,
    1.0,
    1.0,
    1.0,
    1.0,
    1.0,
    1.0,
    1.0,
    1.0,
    1.0,
    1.0,
    1.0,
    1.0,
    1.0,
    1.0
  ],
  "train_acc_ones": [
    0.4315654405474765,
    0.9007698887938409,
    0.9681351582549187,
    0.9813943541488451,
    0.9869546621043627,
    0.9888793840889649,
    0.9950812660393499,
    0.9957228400342173,
    0.9950812660393499,
    0.9980752780153977,
    0.9991445680068435,
    0.9965782720273738,
    0.9980752780153977,
    0.9989307100085543,
    0.9991445680068435,
    0.9989307100085543,
    0.9995722840034217,
    0.9997861420017109,
    0.9995722840034217,
    0.9993584260051326,
    0.9993584260051326,
    0.9997861420017109,
    0.9997861420017109,
    0.9997861420017109,
    0.9995722840034217,
    0.9993584260051326,
    0.9997861420017109,
    0.9995722840034217,
    0.9997861420017109,
    0.9995722840034217
  ],
  "train_acc_number": [
    0.38922155688622756,
    0.8934987168520102,
    0.9657827202737382,
    0.9798973481608212,
    0.9860992301112061,
    0.9880239520958084,
    0.9950812660393499,
    0.9957228400342173,
    0.9950812660393499,
    0.9980752780153977,
    0.9989307100085543,
    0.9965782720273738,
    0.9980752780153977,
    0.9989307100085543,
    0.9989307100085543,
    0.9989307100085543,
    0.9995722840034217,
    0.9997861420017109,
    0.9995722840034217,
    0.9993584260051326,
    0.9993584260051326,
    0.9997861420017109,
    0.9997861420017109,
    0.9997861420017109,
    0.9995722840034217,
    0.9993584260051326,
    0.9997861420017109,
    0.9995722840034217,
    0.9997861420017109,
    0.9995722840034217
  ],
  "val_acc_tens": [
    0.9616724738675958,
    0.9912891986062717,
    0.9930313588850174,
    0.9930313588850174,
    0.9912891986062717,
    0.9912891986062717,
    0.9947735191637631,
    0.9947735191637631,
    0.9930313588850174,
    0.9930313588850174,
    0.9947735191637631,
    0.9947735191637631,
    0.9965156794425087,
    0.9947735191637631,
    0.9930313588850174,
    0.9965156794425087,
    0.9947735191637631,
    0.9965156794425087,
    0.9965156794425087,
    0.9965156794425087,
    0.9965156794425087,
    0.9965156794425087,
    0.9965156794425087,
    0.9947735191637631,
    0.9947735191637631,
    0.9965156794425087,
    0.9947735191637631,
    0.9947735191637631,
    0.9965156794425087,
    0.9947735191637631
  ],
  "val_acc_ones": [
    0.7526132404181185,
    0.9337979094076655,
    0.9668989547038328,
    0.9651567944250871,
    0.9616724738675958,
    0.9703832752613241,
    0.9616724738675958,
    0.9790940766550522,
    0.9738675958188153,
    0.9790940766550522,
    0.9773519163763066,
    0.980836236933798,
    0.975609756097561,
    0.975609756097561,
    0.9825783972125436,
    0.9843205574912892,
    0.9860627177700348,
    0.9878048780487805,
    0.9878048780487805,
    0.9878048780487805,
    0.9878048780487805,
    0.9878048780487805,
    0.9895470383275261,
    0.9878048780487805,
    0.9860627177700348,
    0.9895470383275261,
    0.9878048780487805,
    0.9878048780487805,
    0.9860627177700348,
    0.9878048780487805
  ],
  "val_acc_number": [
    0.7386759581881533,
    0.9285714285714286,
    0.9599303135888502,
    0.9616724738675958,
    0.9547038327526133,
    0.9651567944250871,
    0.9581881533101045,
    0.975609756097561,
    0.9686411149825784,
    0.9738675958188153,
    0.9738675958188153,
    0.9773519163763066,
    0.9721254355400697,
    0.9721254355400697,
    0.9773519163763066,
    0.980836236933798,
    0.9825783972125436,
    0.9843205574912892,
    0.9843205574912892,
    0.9843205574912892,
    0.9843205574912892,
    0.9843205574912892,
    0.9860627177700348,
    0.9825783972125436,
    0.9825783972125436,
    0.9860627177700348,
    0.9843205574912892,
    0.9843205574912892,
    0.9825783972125436,
    0.9843205574912892
  ]
}