{
  "train_loss": [
    2.3166752269474027,
    0.32895719097453985,
    0.12531214172356755,
    0.07551669279054457,
    0.0457294160122541,
    0.024127680537433478,
    0.020599262774551496,
    0.012911524371880563,
    0.011735607942421278,
    0.007089317125372646,
    0.007646611248763633,
    0.007469832846198559,
    0.008651550378016267,
    0.00318215113098138,
    0.004229439207383769,
    0.002051979685767886,
    0.0024643539872508053,
    0.0027415462545700006,
    0.0021441700980640863,
    0.0016234736089730895,
    0.0018570479722589993,
    0.001297539452184868,
    0.0010958151036189905,
    0.0015564134122980672,
    0.0011441078932495378,
    0.0009704047130457452,
    0.001270754124182121,
    0.000887531694741816,
    0.001059737875484013,
    0.0009963656715902128
  ],
  "val_loss": [
    0.7812653642913606,
    0.22371070455591022,
    0.14366372433273633,
    0.1460643081507201,
    0.1355413869282925,
    0.13750862462595365,
    0.12142508489952686,
    0.1050665391031458,
    0.08185779787470239,
    0.09862794885444309,
    0.07904999734321122,
    0.09846273869379887,
    0.10206753487994032,
    0.08694542651729924,
    0.06729382285621108,
    0.08080618109437232,
    0.07459957892471074,
    0.08145531923721061,
    0.07484354239722993,
    0.08149011037880327,
    0.07116374200151565,
    0.06907724503440724,
    0.0784700076235296,
    0.07494391237453717,
    0.07694739705918661,
    0.07597076598691141,
    0.07730737142589346,
    0.07954324133213908,
    0.08112082168304131,
    0.07909587572753844
  ],
  "train_acc_tens": [
    0.781437125748503,
    0.985885372112917,
    0.9972198460222412,
    0.9976475620188195,
    0.9985029940119761,
    0.9987168520102652,
    0.9987168520102652,
    0.9991445680068435,
    0.9997861420017109,
    1.0,
    1.0,
    1.0,
    1.0,
    1.0,
    0.9997861420017109,
    1.0,
    1.0,
    1.0,
    1.0,
    1.0,
    1.0,
    1.0,
    1.0,
    0.9997861420017109,
    1.0,
    1.0,
    1.0,
    1.0,
    1.0,
    1.0
  ],
  "train_acc_ones": [
    0.506201881950385,
    0.9217279726261762,
    0.9739093242087254,
    0.98267750213858,
    0.9903763900769889,
    0.9948674080410608,
    0.9955089820359282,
    0.9976475620188195,
    0.9970059880239521,
    0.9985029940119761,
    0.998289136013687,
    0.9987168520102652,
    0.9974337040205303,
    0.9993584260051326,
    0.9987168520102652,
    0.9995722840034217,
    0.9995722840034217,
    0.9989307100085543,
    0.9995722840034217,
    0.9997861420017109,
    0.9991445680068435,
    0.9995722840034217,
    0.9997861420017109,
    1.0,
    0.9995722840034217,
    0.9995722840034217,
    0.9993584260051326,
    0.9995722840034217,
    0.9997861420017109,
    0.9997861420017109
  ],
  "train_acc_number": [
    0.4236526946107784,
    0.9133875106928999,
    0.9726261762189906,
    0.9816082121471343,
    0.9893071000855432,
    0.993798118049615,
    0.9946535500427716,
    0.9970059880239521,
    0.9967921300256629,
    0.9985029940119761,
    0.998289136013687,
    0.9987168520102652,
    0.9974337040205303,
    0.9993584260051326,
    0.9985029940119761,
    0.9995722840034217,
    0.9995722840034217,
    0.9989307100085543,
    0.9995722840034217,
    0.9997861420017109,
    0.9991445680068435,
    0.9995722840034217,
    0.9997861420017109,
    0.9997861420017109,
    0.9995722840034217,
    0.9995722840034217,
    0.9993584260051326,
    0.9995722840034217,
    0.9997861420017109,
    0.9997861420017109
  ],
  "val_acc_tens": [
    0.9686411149825784,
    0.9912891986062717,
    0.9930313588850174,
    0.9947735191637631,
    0.9965156794425087,
    0.9930313588850174,
    0.9965156794425087,
    0.9965156794425087,
    0.9965156794425087,
    0.9965156794425087,
    0.9965156794425087,
    0.9965156794425087,
    0.9965156794425087,
    0.9965156794425087,
    0.9965156794425087,
    0.9965156794425087,
    0.9965156794425087,
    0.9965156794425087,
    0.9965156794425087,
    0.9965156794425087,
    0.9965156794425087,
    0.9965156794425087,
    0.9965156794425087,
    0.9965156794425087,
    0.9965156794425087,
    0.9965156794425087,
    0.9965156794425087,
    0.9965156794425087,
    0.9965156794425087,
    0.9965156794425087
  ],
  "val_acc_ones": [
    0.7195121951219512,
    0.9407665505226481,
    0.9634146341463414,
    0.9668989547038328,
    0.9686411149825784,
    0.9703832752613241,
    0.9703832752613241,
    0.9738675958188153,
    0.9843205574912892,
    0.9773519163763066,
    0.9860627177700348,
    0.9825783972125436,
    0.980836236933798,
    0.9843205574912892,
    0.9930313588850174,
    0.9825783972125436,
    0.9878048780487805,
    0.9860627177700348,
    0.9878048780487805,
    0.9860627177700348,
    0.9912891986062717,
    0.9895470383275261,
    0.9895470383275261,
    0.9895470383275261,
    0.9878048780487805,
    0.9912891986062717,
    0.9878048780487805,
    0.9860627177700348,
    0.9860627177700348,
    0.9860627177700348
  ],
  "val_acc_number": [
    0.7073170731707317,
    0.9355400696864111,
    0.9599303135888502,
    0.9634146341463414,
    0.9651567944250871,
    0.9634146341463414,
    0.9668989547038328,
    0.9703832752613241,
    0.980836236933798,
    0.9738675958188153,
    0.9825783972125436,
    0.9790940766550522,
    0.9773519163763066,
    0.980836236933798,
    0.9895470383275261,
    0.9790940766550522,
    0.9843205574912892,
    0.9825783972125436,
    0.9843205574912892,
    0.9825783972125436,
    0.9878048780487805,
    0.9860627177700348,
    0.9860627177700348,
    0.9860627177700348,
    0.9843205574912892,
    0.9878048780487805,
    0.9843205574912892,
    0.9825783972125436,
    0.9825783972125436,
    0.9825783972125436
  ]
}