{
  "train_loss": [
    1.7889570098743162,
    0.5517469288907161,
    0.36234367467380163,
    0.25441552330225936,
    0.19949639174956557,
    0.16369227469732253,
    0.13914278547309014,
    0.11090583769147268,
    0.10624832241223142,
    0.07719192971930329,
    0.06255774537756262,
    0.054154393635212204,
    0.040952131878728024,
    0.028635520879991855,
    0.03105602173136278,
    0.021791652902973524,
    0.009598650261313615,
    0.009565656260611972,
    0.003936552231489235,
    0.006779823780467716,
    0.0022221154846423096,
    0.004658506786445964,
    0.0016869745058723756,
    0.001138431863768474,
    0.0010512784773514146,
    0.0013987451307379965,
    0.0011132582066097864,
    0.0013736918045987015,
    0.0009461657627715934,
    0.001128458130349452
  ],
  "val_loss": [
    0.9801494011895582,
    1.0982232019045628,
    0.6953556861611608,
    0.35258698006540223,
    0.42711293095080277,
    0.5248184831300263,
    0.2969811880630068,
    0.5627367064512565,
    0.3136421140893411,
    0.294194936336956,
    0.31501271043504986,
    0.23345183703126807,
    0.22310417329808147,
    0.2464853263482815,
    0.2618923768764589,
    0.21437831269739396,
    0.22194327419227838,
    0.2113508532271568,
    0.2209137798601742,
    0.17009596562967066,
    0.16614294124812615,
    0.17343357049629662,
    0.17689182783253102,
    0.16512166695727704,
    0.17430945929749916,
    0.18094872556081631,
    0.17450381446798505,
    0.1696319673534885,
    0.17470690431495162,
    0.17707212835238786
  ],
  "train_acc_tens": [
    0.8372540633019675,
    0.979469632164243,
    0.9850299401197605,
    0.9918733960650128,
    0.9931565440547476,
    0.9955089820359282,
    0.9970059880239521,
    0.9970059880239521,
    0.9955089820359282,
    0.9976475620188195,
    0.9987168520102652,
    0.9972198460222412,
    0.998289136013687,
    0.9995722840034217,
    0.9993584260051326,
    0.9987168520102652,
    0.9993584260051326,
    0.9991445680068435,
    1.0,
    1.0,
    1.0,
    0.9995722840034217,
    1.0,
    1.0,
    1.0,
    1.0,
    1.0,
    0.9997861420017109,
    1.0,
    1.0
  ],
  "train_acc_ones": [
    0.5511120615911035,
    0.8282720273738238,
    0.8920017108639863,
    0.9191616766467066,
    0.9411890504704876,
    0.9501710863986313,
    0.9546621043627032,
    0.9683490162532079,
    0.9704875962360993,
    0.9758340461933276,
    0.9803250641573995,
    0.9863130881094953,
    0.989093242087254,
    0.9916595380667237,
    0.9910179640718563,
    0.995295124037639,
    0.9976475620188195,
    0.9980752780153977,
    0.9993584260051326,
    0.9985029940119761,
    0.9997861420017109,
    0.9989307100085543,
    0.9995722840034217,
    0.9997861420017109,
    0.9997861420017109,
    0.9995722840034217,
    0.9997861420017109,
    0.9995722840034217,
    0.9997861420017109,
    0.9995722840034217
  ],
  "train_acc_number": [
    0.5233105218135158,
    0.81928999144568,
    0.8828058169375534,
    0.9146706586826348,
    0.9369118905047049,
    0.9476047904191617,
    0.9527373823781009,
    0.966852010265184,
    0.9670658682634731,
    0.974764756201882,
    0.9792557741659538,
    0.9841745081266039,
    0.987382378100941,
    0.9914456800684346,
    0.9908041060735672,
    0.9944396920444825,
    0.9970059880239521,
    0.9972198460222412,
    0.9993584260051326,
    0.9985029940119761,
    0.9997861420017109,
    0.9985029940119761,
    0.9995722840034217,
    0.9997861420017109,
    0.9997861420017109,
    0.9995722840034217,
    0.9997861420017109,
    0.9993584260051326,
    0.9997861420017109,
    0.9995722840034217
  ],
  "val_acc_tens": [
    0.9599303135888502,
    0.9843205574912892,
    0.975609756097561,
    0.9878048780487805,
    0.9895470383275261,
    0.9930313588850174,
    0.9947735191637631,
    0.9703832752613241,
    0.9790940766550522,
    0.9860627177700348,
    0.9860627177700348,
    0.9895470383275261,
    0.9895470383275261,
    0.9878048780487805,
    0.9878048780487805,
    0.9930313588850174,
    0.9912891986062717,
    0.9895470383275261,
    0.9878048780487805,
    0.9895470383275261,
    0.9912891986062717,
    0.9895470383275261,
    0.9895470383275261,
    0.9895470383275261,
    0.9878048780487805,
    0.9878048780487805,
    0.9895470383275261,
    0.9895470383275261,
    0.9895470383275261,
    0.9895470383275261
  ],
  "val_acc_ones": [
    0.6881533101045296,
    0.6794425087108014,
    0.7717770034843205,
    0.9006968641114983,
    0.8797909407665505,
    0.8571428571428571,
    0.9250871080139372,
    0.8710801393728222,
    0.9337979094076655,
    0.9337979094076655,
    0.945993031358885,
    0.9355400696864111,
    0.9564459930313589,
    0.945993031358885,
    0.9390243902439024,
    0.9512195121951219,
    0.9512195121951219,
    0.9616724738675958,
    0.9599303135888502,
    0.9686411149825784,
    0.9686411149825784,
    0.9668989547038328,
    0.9686411149825784,
    0.9686411149825784,
    0.9686411149825784,
    0.9721254355400697,
    0.9721254355400697,
    0.9686411149825784,
    0.9651567944250871,
    0.9686411149825784
  ],
  "val_acc_number": [
    0.6672473867595818,
    0.6724738675958188,
    0.7543554006968641,
    0.89198606271777,
    0.8745644599303136,
    0.8536585365853658,
    0.9198606271777003,
    0.8588850174216028,
    0.921602787456446,
    0.9250871080139372,
    0.9407665505226481,
    0.9285714285714286,
    0.9512195121951219,
    0.9407665505226481,
    0.9337979094076655,
    0.9477351916376306,
    0.9477351916376306,
    0.9564459930313589,
    0.9529616724738676,
    0.9616724738675958,
    0.9634146341463414,
    0.9616724738675958,
    0.9634146341463414,
    0.9616724738675958,
    0.9616724738675958,
    0.9651567944250871,
    0.9668989547038328,
    0.9634146341463414,
    0.9599303135888502,
    0.9634146341463414
  ]
}