{
  "train_loss": [
    2.3197036560424076,
    0.3084737236832226,
    0.12013141817267478,
    0.07113282944627865,
    0.04601505865287944,
    0.028853844714225918,
    0.023632855039054865,
    0.013084166166209277,
    0.019322722793339256,
    0.013946679104486014,
    0.007817911785621742,
    0.0041147304254275695,
    0.004170287792452183,
    0.0040247244290351055,
    0.0027775878422886414,
    0.0035951997450623784,
    0.002570255456366429,
    0.002399998332212071,
    0.003933010981366408,
    0.001154542377201077,
    0.0009632860115188325,
    0.0011182679285648238,
    0.0012243456622287694,
    0.0016110152184606312,
    0.0009004574386965423,
    0.0008957066068902191,
    0.0011291282109667645,
    0.0010631290432527802,
    0.0009036613030755897,
    0.0008540011757556142
  ],
  "val_loss": [
    0.6602147942220707,
    0.2064183233922367,
    0.21355478045001677,
    0.12113201784339932,
    0.11379950818076781,
    0.11477678757199843,
    0.07394994404621241,
    0.11595817870794688,
    0.08185500563333259,
    0.10558648794266405,
    0.09022066796698221,
    0.056858174217287255,
    0.06725467934892983,
    0.06611468342460614,
    0.06134449315455317,
    0.06564706231009877,
    0.08278593841537782,
    0.05759206590752153,
    0.07033085023809081,
    0.06568447040322559,
    0.06169750900348512,
    0.057959435462224776,
    0.05702218320545212,
    0.057759116329122916,
    0.06887137046804204,
    0.05968226035018468,
    0.0658619369376931,
    0.05808960353040529,
    0.06256870215090206,
    0.07706037027443327
  ],
  "train_acc_tens": [
    0.7850727117194183,
    0.9888793840889649,
    0.9972198460222412,
    0.9978614200171086,
    0.9978614200171086,
    0.9991445680068435,
    0.9995722840034217,
    0.9997861420017109,
    0.9995722840034217,
    0.9997861420017109,
    1.0,
    1.0,
    1.0,
    0.9997861420017109,
    1.0,
    1.0,
    1.0,
    1.0,
    1.0,
    1.0,
    1.0,
    1.0,
    1.0,
    1.0,
    1.0,
    1.0,
    1.0,
    1.0,
    1.0,
    1.0
  ],
  "train_acc_ones": [
    0.455945252352438,
    0.9247219846022241,
    0.9745508982035929,
    0.9839606501283148,
    0.9903763900769889,
    0.9944396920444825,
    0.9935842600513259,
    0.9963644140290847,
    0.993798118049615,
    0.9961505560307955,
    0.9976475620188195,
    0.9991445680068435,
    0.9987168520102652,
    0.9991445680068435,
    0.9993584260051326,
    0.9985029940119761,
    0.9993584260051326,
    0.9993584260051326,
    0.9993584260051326,
    0.9997861420017109,
    0.9997861420017109,
    0.9997861420017109,
    0.9997861420017109,
    0.9993584260051326,
    0.9997861420017109,
    0.9997861420017109,
    0.9995722840034217,
    0.9997861420017109,
    0.9997861420017109,
    1.0
  ],
  "train_acc_number": [
    0.4270744225834046,
    0.9180923866552609,
    0.973267750213858,
    0.9831052181351583,
    0.9888793840889649,
    0.9940119760479041,
    0.9931565440547476,
    0.9961505560307955,
    0.9933704020530368,
    0.9959366980325064,
    0.9976475620188195,
    0.9991445680068435,
    0.9987168520102652,
    0.9989307100085543,
    0.9993584260051326,
    0.9985029940119761,
    0.9993584260051326,
    0.9993584260051326,
    0.9993584260051326,
    0.9997861420017109,
    0.9997861420017109,
    0.9997861420017109,
    0.9997861420017109,
    0.9993584260051326,
    0.9997861420017109,
    0.9997861420017109,
    0.9995722840034217,
    0.9997861420017109,
    0.9997861420017109,
    1.0
  ],
  "val_acc_tens": [
    0.9599303135888502,
    0.9878048780487805,
    0.9912891986062717,
    0.9912891986062717,
    0.9895470383275261,
    0.9947735191637631,
    0.9947735191637631,
    0.9947735191637631,
    0.9947735191637631,
    0.9930313588850174,
    0.9947735191637631,
    0.9947735191637631,
    0.9947735191637631,
    0.9947735191637631,
    0.9947735191637631,
    0.9965156794425087,
    0.9947735191637631,
    0.9947735191637631,
    0.9947735191637631,
    0.9947735191637631,
    0.9947735191637631,
    0.9947735191637631,
    0.9947735191637631,
    0.9947735191637631,
    0.9947735191637631,
    0.9947735191637631,
    0.9947735191637631,
    0.9947735191637631,
    0.9930313588850174,
    0.9947735191637631
  ],
  "val_acc_ones": [
    0.8222996515679443,
    0.9477351916376306,
    0.9425087108013938,
    0.9668989547038328,
    0.975609756097561,
    0.9738675958188153,
    0.9790940766550522,
    0.9721254355400697,
    0.9825783972125436,
    0.980836236933798,
    0.9843205574912892,
    0.9878048780487805,
    0.9878048780487805,
    0.9912891986062717,
    0.9912891986062717,
    0.9860627177700348,
    0.9825783972125436,
    0.9895470383275261,
    0.9843205574912892,
    0.9860627177700348,
    0.9843205574912892,
    0.9860627177700348,
    0.9860627177700348,
    0.9878048780487805,
    0.9878048780487805,
    0.9878048780487805,
    0.9860627177700348,
    0.9895470383275261,
    0.9878048780487805,
    0.9825783972125436
  ],
  "val_acc_number": [
    0.8031358885017421,
    0.9390243902439024,
    0.9390243902439024,
    0.9616724738675958,
    0.9668989547038328,
    0.9703832752613241,
    0.975609756097561,
    0.9668989547038328,
    0.9773519163763066,
    0.975609756097561,
    0.9790940766550522,
    0.9825783972125436,
    0.9825783972125436,
    0.9860627177700348,
    0.9860627177700348,
    0.9825783972125436,
    0.9790940766550522,
    0.9843205574912892,
    0.980836236933798,
    0.9825783972125436,
    0.980836236933798,
    0.9825783972125436,
    0.9825783972125436,
    0.9843205574912892,
    0.9825783972125436,
    0.9825783972125436,
    0.980836236933798,
    0.9860627177700348,
    0.980836236933798,
    0.9773519163763066
  ]
}