{
  "train_loss": [
    2.6390073921458144,
    0.48362028384636974,
    0.16998508345683075,
    0.09472991953149017,
    0.05614898814616599,
    0.044107605597216215,
    0.026812018034700864,
    0.024659417754467783,
    0.01453192882603106,
    0.013411126501851861,
    0.011462973671351058,
    0.006520536284450795,
    0.007136573844531135,
    0.006473740366812543,
    0.004237246778502844,
    0.003477796720989348,
    0.003998692113176383,
    0.0030729022415608193,
    0.0026573586198792077,
    0.0026577027869897586,
    0.002605483229084847,
    0.002398759152157068,
    0.0029431945549513766,
    NaN,
    NaN,
    NaN,
    NaN,
    NaN,
    NaN,
    NaN
  ],
  "val_loss": [
    0.9832595611698536,
    0.2663690757253029,
    0.18274760453958544,
    0.1339989855937426,
    0.11716959576158158,
    0.1282861315830244,
    0.11301279047224995,
    0.09162944799308577,
    0.11279573065686309,
    0.1036030426361835,
    0.082800417152016,
    0.09091620752101161,
    0.07581666049641599,
    0.09767778329421418,
    0.09342143082348728,
    0.09022430016396353,
    0.07797066370213489,
    0.07336292021262106,
    0.07087430215151883,
    0.07397155662291141,
    0.07627368575604535,
    0.07547168148103907,
    0.06877622234177506,
    NaN,
    NaN,
    NaN,
    NaN,
    NaN,
    NaN,
    NaN
  ],
  "train_acc_tens": [
    0.8006843455945253,
    0.9869546621043627,
    0.9965782720273738,
    0.9965782720273738,
    0.9987168520102652,
    0.9991445680068435,
    0.9991445680068435,
    0.9995722840034217,
    0.9995722840034217,
    1.0,
    0.9993584260051326,
    1.0,
    0.9993584260051326,
    1.0,
    1.0,
    1.0,
    1.0,
    1.0,
    1.0,
    1.0,
    1.0,
    1.0,
    1.0,
    0.013686911890504704,
    0.0,
    0.0,
    0.0,
    0.0,
    0.0,
    0.0
  ],
  "train_acc_ones": [
    0.37446535500427713,
    0.9084687767322498,
    0.9728400342172797,
    0.9850299401197605,
    0.9916595380667237,
    0.9925149700598802,
    0.9963644140290847,
    0.995295124037639,
    0.9978614200171086,
    0.998289136013687,
    0.9980752780153977,
    0.9991445680068435,
    0.9993584260051326,
    0.9987168520102652,
    0.9995722840034217,
    0.9993584260051326,
    0.9993584260051326,
    0.9995722840034217,
    0.9997861420017109,
    0.9997861420017109,
    0.9995722840034217,
    0.9997861420017109,
    0.9997861420017109,
    0.013686911890504704,
    0.0,
    0.0,
    0.0,
    0.0,
    0.0,
    0.0
  ],
  "train_acc_number": [
    0.35543199315654406,
    0.9011976047904192,
    0.9715568862275449,
    0.9831052181351583,
    0.9908041060735672,
    0.992087254063302,
    0.9957228400342173,
    0.9950812660393499,
    0.9976475620188195,
    0.998289136013687,
    0.9976475620188195,
    0.9991445680068435,
    0.9989307100085543,
    0.9987168520102652,
    0.9995722840034217,
    0.9993584260051326,
    0.9993584260051326,
    0.9995722840034217,
    0.9997861420017109,
    0.9997861420017109,
    0.9995722840034217,
    0.9997861420017109,
    0.9997861420017109,
    0.013686911890504704,
    0.0,
    0.0,
    0.0,
    0.0,
    0.0,
    0.0
  ],
  "val_acc_tens": [
    0.9616724738675958,
    0.9930313588850174,
    0.9912891986062717,
    0.9930313588850174,
    0.9930313588850174,
    0.9965156794425087,
    0.9930313588850174,
    0.9965156794425087,
    0.9965156794425087,
    0.9965156794425087,
    0.9965156794425087,
    0.9965156794425087,
    0.9965156794425087,
    0.9965156794425087,
    0.9965156794425087,
    0.9965156794425087,
    0.9965156794425087,
    0.9965156794425087,
    0.9965156794425087,
    0.9965156794425087,
    0.9965156794425087,
    0.9965156794425087,
    0.9965156794425087,
    0.0,
    0.0,
    0.0,
    0.0,
    0.0,
    0.0,
    0.0
  ],
  "val_acc_ones": [
    0.7526132404181185,
    0.9529616724738676,
    0.9703832752613241,
    0.9721254355400697,
    0.9738675958188153,
    0.975609756097561,
    0.980836236933798,
    0.9825783972125436,
    0.975609756097561,
    0.9790940766550522,
    0.9878048780487805,
    0.9878048780487805,
    0.9860627177700348,
    0.9843205574912892,
    0.9843205574912892,
    0.9843205574912892,
    0.9843205574912892,
    0.9878048780487805,
    0.9860627177700348,
    0.9912891986062717,
    0.9912891986062717,
    0.9912891986062717,
    0.9895470383275261,
    0.0,
    0.0,
    0.0,
    0.0,
    0.0,
    0.0,
    0.0
  ],
  "val_acc_number": [
    0.7386759581881533,
    0.9494773519163763,
    0.9651567944250871,
    0.9686411149825784,
    0.9668989547038328,
    0.9738675958188153,
    0.9738675958188153,
    0.9790940766550522,
    0.9721254355400697,
    0.975609756097561,
    0.9843205574912892,
    0.9843205574912892,
    0.9825783972125436,
    0.980836236933798,
    0.980836236933798,
    0.980836236933798,
    0.980836236933798,
    0.9843205574912892,
    0.9825783972125436,
    0.9878048780487805,
    0.9878048780487805,
    0.9878048780487805,
    0.9860627177700348,
    0.0,
    0.0,
    0.0,
    0.0,
    0.0,
    0.0,
    0.0
  ]
}