{
  "train_loss": [
    1.789624642265261,
    0.5290198512470957,
    0.28348081085394344,
    0.2012477424585279,
    0.1744436939064512,
    0.14473369913900683,
    0.1113933364839203,
    0.09541311663781811,
    0.08077744855342307,
    0.06463680418257636,
    0.06145688427422575,
    0.049269477687807955,
    0.029894826094037555,
    0.024413035046452636,
    0.02243711262100063,
    0.019243279056124853,
    0.014525358777866086,
    0.010490914993147447,
    0.006798129825127033,
    0.007177089630180796,
    0.002723598296668817,
    0.005387324798402876,
    0.004171501351177846,
    0.0021759516362760494,
    0.0015728779079773366,
    0.0020490990580402956,
    0.0019083524280577465,
    0.0010014982739506469,
    0.00334020029081046,
    0.005187724215847698
  ],
  "val_loss": [
    1.2784889570927371,
    0.8618973979551202,
    0.532584986204885,
    0.3536152985037827,
    0.3172833267404643,
    0.40563619884464386,
    0.25038734981822636,
    0.2741454951854533,
    0.21896237903355723,
    0.2509209106608135,
    0.24102375627810116,
    0.21142424004418509,
    0.20158605999232168,
    0.21974164019062958,
    0.20689816030475736,
    0.20786647680329112,
    0.19106147233202067,
    0.18746970131837531,
    0.22284273528055862,
    0.20108343115667018,
    0.16468539844406607,
    0.1540305368368634,
    0.1537078262829199,
    0.15963245435043494,
    0.15799216142099493,
    0.1521976051222572,
    0.1526664794529772,
    0.155049428603375,
    0.1569892673749957,
    0.15744131948889756
  ],
  "train_acc_tens": [
    0.8624893071000855,
    0.9831052181351583,
    0.9910179640718563,
    0.9965782720273738,
    0.9933704020530368,
    0.9950812660393499,
    0.9965782720273738,
    0.9965782720273738,
    0.9965782720273738,
    0.9965782720273738,
    0.9978614200171086,
    0.9985029940119761,
    0.9993584260051326,
    0.9995722840034217,
    0.9989307100085543,
    0.9997861420017109,
    1.0,
    1.0,
    1.0,
    1.0,
    1.0,
    0.9997861420017109,
    1.0,
    1.0,
    1.0,
    1.0,
    1.0,
    1.0,
    0.9997861420017109,
    1.0
  ],
  "train_acc_ones": [
    0.4709153122326775,
    0.8319076133447391,
    0.9159538066723696,
    0.9416167664670658,
    0.9493156544054747,
    0.9608639863130881,
    0.9687767322497861,
    0.9771171941830624,
    0.9790419161676647,
    0.9807527801539777,
    0.9820359281437125,
    0.9882378100940975,
    0.9895209580838323,
    0.9925149700598802,
    0.9927288280581694,
    0.9948674080410608,
    0.9957228400342173,
    0.9961505560307955,
    0.9974337040205303,
    0.9980752780153977,
    0.9993584260051326,
    0.9987168520102652,
    0.9989307100085543,
    0.9993584260051326,
    0.9993584260051326,
    0.9993584260051326,
    0.9993584260051326,
    1.0,
    0.9995722840034217,
    0.9991445680068435
  ],
  "train_acc_number": [
    0.43627031650983744,
    0.8244225834046194,
    0.9112489307100086,
    0.9396920444824637,
    0.9452523524379812,
    0.9580838323353293,
    0.9666381522668948,
    0.9749786142001711,
    0.9769033361847733,
    0.9786142001710864,
    0.9807527801539777,
    0.9869546621043627,
    0.9893071000855432,
    0.9925149700598802,
    0.992087254063302,
    0.9946535500427716,
    0.9957228400342173,
    0.9961505560307955,
    0.9974337040205303,
    0.9980752780153977,
    0.9993584260051326,
    0.9985029940119761,
    0.9989307100085543,
    0.9993584260051326,
    0.9993584260051326,
    0.9993584260051326,
    0.9993584260051326,
    1.0,
    0.9993584260051326,
    0.9991445680068435
  ],
  "val_acc_tens": [
    0.9494773519163763,
    0.9477351916376306,
    0.9843205574912892,
    0.9878048780487805,
    0.9878048780487805,
    0.9912891986062717,
    0.9912891986062717,
    0.9912891986062717,
    0.9912891986062717,
    0.9930313588850174,
    0.9878048780487805,
    0.9930313588850174,
    0.9912891986062717,
    0.9930313588850174,
    0.9947735191637631,
    0.9947735191637631,
    0.9947735191637631,
    0.9947735191637631,
    0.9930313588850174,
    0.9947735191637631,
    0.9930313588850174,
    0.9930313588850174,
    0.9930313588850174,
    0.9930313588850174,
    0.9947735191637631,
    0.9947735191637631,
    0.9947735191637631,
    0.9930313588850174,
    0.9947735191637631,
    0.9947735191637631
  ],
  "val_acc_ones": [
    0.6167247386759582,
    0.8118466898954704,
    0.8554006968641115,
    0.8972125435540069,
    0.9198606271777003,
    0.9041811846689896,
    0.9425087108013938,
    0.9442508710801394,
    0.9425087108013938,
    0.9442508710801394,
    0.9425087108013938,
    0.9529616724738676,
    0.9477351916376306,
    0.9477351916376306,
    0.9581881533101045,
    0.9477351916376306,
    0.9529616724738676,
    0.9564459930313589,
    0.9494773519163763,
    0.9564459930313589,
    0.9616724738675958,
    0.9634146341463414,
    0.9651567944250871,
    0.9616724738675958,
    0.9651567944250871,
    0.9651567944250871,
    0.9651567944250871,
    0.9651567944250871,
    0.9651567944250871,
    0.9651567944250871
  ],
  "val_acc_number": [
    0.5905923344947736,
    0.7752613240418118,
    0.8449477351916377,
    0.89198606271777,
    0.9146341463414634,
    0.9024390243902439,
    0.9355400696864111,
    0.9390243902439024,
    0.9407665505226481,
    0.9407665505226481,
    0.9372822299651568,
    0.9494773519163763,
    0.9425087108013938,
    0.9425087108013938,
    0.9564459930313589,
    0.9442508710801394,
    0.9512195121951219,
    0.9529616724738676,
    0.945993031358885,
    0.9529616724738676,
    0.9564459930313589,
    0.9581881533101045,
    0.9599303135888502,
    0.9564459930313589,
    0.9616724738675958,
    0.9616724738675958,
    0.9616724738675958,
    0.9599303135888502,
    0.9616724738675958,
    0.9616724738675958
  ]
}