{
  "train_loss": [
    2.768709618378338,
    0.8196148493026851,
    0.3138576806152448,
    0.16027728301832267,
    0.09864785346952232,
    0.06132515574031859,
    0.04814901496733836,
    0.040902093346043465,
    0.025790899609581235,
    0.02475331880477272,
    0.02427084808985936,
    0.011637221476886903,
    0.010305683361963903,
    0.006287950802502008,
    0.006492265939100672,
    0.006393735662701805,
    0.004484206208619835,
    0.004155973321459455,
    0.004878786560610077,
    0.0024209659103657877,
    0.0038425302638061235,
    0.0026157916204046245,
    0.0032533811543923956,
    0.0021750405876936312,
    0.0038095588251706165,
    0.0019467212737779315,
    0.0025443930570848788,
    0.001867424483172806,
    0.0021235857946022237,
    0.002184682544018082
  ],
  "val_loss": [
    1.2692066688570827,
    0.572790249091823,
    0.3286573409203453,
    0.23613115843995522,
    0.2702082709152939,
    0.259121230670384,
    0.24796133838879522,
    0.2231027464210364,
    0.16992675146990122,
    0.2819529535047684,
    0.15091546123866836,
    0.14093619180057937,
    0.1829695325695264,
    0.16370522830544448,
    0.12484606056886267,
    0.1335760502579528,
    0.14214221826829146,
    0.1118421883740907,
    0.13669586879970305,
    0.13324875005550085,
    0.13271990893506008,
    0.14982669974453358,
    0.16780317312541324,
    0.1576461373513584,
    0.1416750952134149,
    0.15742613037704176,
    0.15955084915360507,
    0.14863132521873568,
    0.15248834245711668,
    0.15034667945074287
  ],
  "train_acc_tens": [
    0.7741659538066724,
    0.9745508982035929,
    0.9931565440547476,
    0.9959366980325064,
    0.9974337040205303,
    0.998289136013687,
    0.9995722840034217,
    0.9991445680068435,
    0.9997861420017109,
    1.0,
    0.9997861420017109,
    0.9997861420017109,
    1.0,
    0.9997861420017109,
    1.0,
    1.0,
    1.0,
    1.0,
    1.0,
    1.0,
    1.0,
    1.0,
    1.0,
    1.0,
    1.0,
    1.0,
    1.0,
    1.0,
    1.0,
    1.0
  ],
  "train_acc_ones": [
    0.3092386655260907,
    0.7600513259195893,
    0.9266467065868264,
    0.9692044482463644,
    0.979469632164243,
    0.9886655260906758,
    0.9899486740804107,
    0.9916595380667237,
    0.9946535500427716,
    0.9927288280581694,
    0.9950812660393499,
    0.9980752780153977,
    0.9978614200171086,
    0.9989307100085543,
    0.9991445680068435,
    0.998289136013687,
    0.9991445680068435,
    0.9993584260051326,
    0.9991445680068435,
    0.9997861420017109,
    0.9991445680068435,
    0.9995722840034217,
    0.9993584260051326,
    0.9997861420017109,
    0.9993584260051326,
    0.9997861420017109,
    0.9995722840034217,
    0.9997861420017109,
    0.9997861420017109,
    0.9997861420017109
  ],
  "train_acc_number": [
    0.2760906757912746,
    0.7448674080410608,
    0.9236526946107785,
    0.9672797262617622,
    0.9781864841745082,
    0.9875962360992301,
    0.9897348160821214,
    0.9912318220701454,
    0.9944396920444825,
    0.9927288280581694,
    0.9948674080410608,
    0.9978614200171086,
    0.9978614200171086,
    0.9987168520102652,
    0.9991445680068435,
    0.998289136013687,
    0.9991445680068435,
    0.9993584260051326,
    0.9991445680068435,
    0.9997861420017109,
    0.9991445680068435,
    0.9995722840034217,
    0.9993584260051326,
    0.9997861420017109,
    0.9993584260051326,
    0.9997861420017109,
    0.9995722840034217,
    0.9997861420017109,
    0.9997861420017109,
    0.9997861420017109
  ],
  "val_acc_tens": [
    0.9547038327526133,
    0.9738675958188153,
    0.9878048780487805,
    0.9895470383275261,
    0.9895470383275261,
    0.9930313588850174,
    0.9912891986062717,
    0.9947735191637631,
    0.9947735191637631,
    0.9947735191637631,
    0.9930313588850174,
    0.9965156794425087,
    0.9912891986062717,
    0.9947735191637631,
    0.9947735191637631,
    0.9947735191637631,
    0.9947735191637631,
    0.9947735191637631,
    0.9947735191637631,
    0.9930313588850174,
    0.9965156794425087,
    0.9965156794425087,
    0.9965156794425087,
    0.9947735191637631,
    0.9965156794425087,
    0.9965156794425087,
    0.9965156794425087,
    0.9965156794425087,
    0.9965156794425087,
    0.9965156794425087
  ],
  "val_acc_ones": [
    0.5766550522648084,
    0.8432055749128919,
    0.9163763066202091,
    0.9442508710801394,
    0.9303135888501742,
    0.9372822299651568,
    0.9355400696864111,
    0.9494773519163763,
    0.9564459930313589,
    0.9320557491289199,
    0.9634146341463414,
    0.9686411149825784,
    0.9547038327526133,
    0.9668989547038328,
    0.9738675958188153,
    0.9703832752613241,
    0.9668989547038328,
    0.9738675958188153,
    0.9738675958188153,
    0.9773519163763066,
    0.9773519163763066,
    0.9738675958188153,
    0.9651567944250871,
    0.9703832752613241,
    0.9668989547038328,
    0.9668989547038328,
    0.9651567944250871,
    0.9668989547038328,
    0.9651567944250871,
    0.9703832752613241
  ],
  "val_acc_number": [
    0.5574912891986062,
    0.837979094076655,
    0.9094076655052264,
    0.9390243902439024,
    0.921602787456446,
    0.9337979094076655,
    0.9285714285714286,
    0.9442508710801394,
    0.9512195121951219,
    0.9285714285714286,
    0.9581881533101045,
    0.9651567944250871,
    0.9512195121951219,
    0.9616724738675958,
    0.9686411149825784,
    0.9651567944250871,
    0.9634146341463414,
    0.9686411149825784,
    0.9686411149825784,
    0.9703832752613241,
    0.9738675958188153,
    0.9703832752613241,
    0.9616724738675958,
    0.9651567944250871,
    0.9634146341463414,
    0.9634146341463414,
    0.9616724738675958,
    0.9634146341463414,
    0.9616724738675958,
    0.9668989547038328
  ]
}