{
  "train_loss": [
    2.5330998801695577,
    0.33928607446296893,
    0.12518204451627055,
    0.07067051415161968,
    0.048831048227967716,
    0.04281349723618494,
    0.03411645283548112,
    0.016843907566943466,
    0.016837113402254873,
    0.010622176224600056,
    0.00679004248438787,
    0.009259045506461856,
    0.00739355804677495,
    0.005681876676321234,
    0.00578987934938142,
    0.004216028850643527,
    0.006378674705993221,
    0.0014501582158743774,
    0.003048350609093267,
    0.002174013006676967,
    0.002451737356349074,
    0.0013662405611614165,
    0.0020039953208561122,
    0.0010054679228975998,
    0.000983197073124738,
    0.0035843872636480145,
    0.0009877015577614869,
    0.0010956155886703114,
    0.0017331957154237275,
    0.0011628141915114951
  ],
  "val_loss": [
    0.6816011409726292,
    0.23337370281850836,
    0.16253396796017158,
    0.14186891300753018,
    0.12178168978009905,
    0.12858717839269274,
    0.10815567406420093,
    0.08713939292713324,
    0.07659081398194675,
    0.07811546995457042,
    0.0762154205413438,
    0.06545073271628456,
    0.047368155071959676,
    0.06575982719140601,
    0.07595630073822542,
    0.11199996053186027,
    0.08455637699635601,
    0.08692763625069777,
    0.08050803564982131,
    0.08271349250024204,
    0.07439750678292135,
    0.07484253640659802,
    0.07098930047416105,
    0.06222585932666416,
    0.05544550655221482,
    0.06015315630151939,
    0.0621014725326038,
    0.0698804365769548,
    0.062380431012253726,
    0.07293178273838676
  ],
  "train_acc_tens": [
    0.7245508982035929,
    0.9897348160821214,
    0.9961505560307955,
    0.9978614200171086,
    0.9989307100085543,
    0.9987168520102652,
    0.9991445680068435,
    1.0,
    1.0,
    1.0,
    1.0,
    1.0,
    0.9997861420017109,
    1.0,
    0.9995722840034217,
    1.0,
    0.9993584260051326,
    1.0,
    1.0,
    1.0,
    1.0,
    1.0,
    1.0,
    1.0,
    1.0,
    0.9997861420017109,
    1.0,
    1.0,
    1.0,
    1.0
  ],
  "train_acc_ones": [
    0.46407185628742514,
    0.9176646706586826,
    0.9700598802395209,
    0.9841745081266039,
    0.9886655260906758,
    0.9884516680923866,
    0.9925149700598802,
    0.9961505560307955,
    0.9957228400342173,
    0.9974337040205303,
    0.9976475620188195,
    0.9972198460222412,
    0.998289136013687,
    0.998289136013687,
    0.998289136013687,
    0.998289136013687,
    0.9987168520102652,
    0.9997861420017109,
    0.9991445680068435,
    0.9993584260051326,
    0.9993584260051326,
    0.9993584260051326,
    0.9991445680068435,
    0.9997861420017109,
    0.9997861420017109,
    0.9995722840034217,
    0.9997861420017109,
    0.9997861420017109,
    0.9995722840034217,
    0.9993584260051326
  ],
  "train_acc_number": [
    0.3949957228400342,
    0.9123182207014542,
    0.9681351582549187,
    0.9835329341317365,
    0.9882378100940975,
    0.9875962360992301,
    0.9918733960650128,
    0.9961505560307955,
    0.9957228400342173,
    0.9974337040205303,
    0.9976475620188195,
    0.9972198460222412,
    0.9980752780153977,
    0.998289136013687,
    0.998289136013687,
    0.998289136013687,
    0.9987168520102652,
    0.9997861420017109,
    0.9991445680068435,
    0.9993584260051326,
    0.9993584260051326,
    0.9993584260051326,
    0.9991445680068435,
    0.9997861420017109,
    0.9997861420017109,
    0.9993584260051326,
    0.9997861420017109,
    0.9997861420017109,
    0.9995722840034217,
    0.9993584260051326
  ],
  "val_acc_tens": [
    0.9721254355400697,
    0.9895470383275261,
    0.9895470383275261,
    0.9930313588850174,
    0.9912891986062717,
    0.9947735191637631,
    0.9912891986062717,
    0.9947735191637631,
    0.9947735191637631,
    0.9930313588850174,
    0.9930313588850174,
    0.9930313588850174,
    0.9965156794425087,
    0.9947735191637631,
    0.9947735191637631,
    0.9912891986062717,
    0.9947735191637631,
    0.9965156794425087,
    0.9965156794425087,
    0.9947735191637631,
    0.9965156794425087,
    0.9965156794425087,
    0.9965156794425087,
    0.9965156794425087,
    0.9965156794425087,
    0.9965156794425087,
    0.9965156794425087,
    0.9965156794425087,
    0.9965156794425087,
    0.9965156794425087
  ],
  "val_acc_ones": [
    0.8170731707317073,
    0.945993031358885,
    0.9634146341463414,
    0.9668989547038328,
    0.975609756097561,
    0.9668989547038328,
    0.9773519163763066,
    0.980836236933798,
    0.9825783972125436,
    0.9843205574912892,
    0.9843205574912892,
    0.9895470383275261,
    0.9930313588850174,
    0.9878048780487805,
    0.9843205574912892,
    0.9790940766550522,
    0.9878048780487805,
    0.9860627177700348,
    0.9860627177700348,
    0.9895470383275261,
    0.9930313588850174,
    0.9912891986062717,
    0.9912891986062717,
    0.9930313588850174,
    0.9947735191637631,
    0.9930313588850174,
    0.9930313588850174,
    0.9912891986062717,
    0.9930313588850174,
    0.9895470383275261
  ],
  "val_acc_number": [
    0.7961672473867596,
    0.9355400696864111,
    0.9547038327526133,
    0.9616724738675958,
    0.9668989547038328,
    0.9634146341463414,
    0.9703832752613241,
    0.9773519163763066,
    0.9773519163763066,
    0.9790940766550522,
    0.9790940766550522,
    0.9843205574912892,
    0.9895470383275261,
    0.9825783972125436,
    0.9790940766550522,
    0.9721254355400697,
    0.9825783972125436,
    0.9825783972125436,
    0.9825783972125436,
    0.9843205574912892,
    0.9895470383275261,
    0.9878048780487805,
    0.9878048780487805,
    0.9895470383275261,
    0.9912891986062717,
    0.9895470383275261,
    0.9895470383275261,
    0.9878048780487805,
    0.9895470383275261,
    0.9860627177700348
  ]
}