{
  "train_loss": [
    3.4941948302491697,
    0.9916578101948655,
    0.5469337570249168,
    0.34791020718877186,
    0.24679479729527587,
    0.18950205903669215,
    0.1515486783916059,
    0.14516365084513524,
    0.1188854391091496,
    0.09286117130512861,
    0.08895773524091834,
    0.07319528654765838,
    0.058782913982613254,
    0.05330323199108179,
    0.04022671247874701,
    0.02695339530629924,
    0.03485956035994178,
    0.022165547103531042,
    0.016586930146066423,
    0.012147130239101635,
    0.009119684620735685,
    0.008406307653446703,
    0.008413696844828648,
    0.007972493780485273,
    0.0057451551902793834,
    0.005160849506371647,
    0.005292835196845036,
    0.00960924525460797,
    0.004303594982654647,
    0.00703746947189801
  ],
  "val_loss": [
    1.4308650854987965,
    0.8323055343760846,
    0.524504233735779,
    0.44847913569274267,
    0.5135578882818853,
    0.3696574080696505,
    0.5334379228565336,
    0.34772674464182574,
    0.28989523150779645,
    0.32750194143335165,
    0.3781214169508904,
    0.30755499327224306,
    0.28002395820949966,
    0.3195026153471412,
    0.26983652567614247,
    0.29471793822710524,
    0.33780140162345007,
    0.2796996557754091,
    0.25444429759779874,
    0.248486778254293,
    0.27216890173922015,
    0.26578089252166215,
    0.2400395205627335,
    0.2757449206159505,
    0.29638129950400427,
    0.2804809833652882,
    0.2813546930663677,
    0.2678670812566937,
    0.27617441527934855,
    0.26738624767974695
  ],
  "train_acc_tens": [
    0.86633875106929,
    0.9428999144568007,
    0.968562874251497,
    0.9792557741659538,
    0.9908041060735672,
    0.9927288280581694,
    0.9955089820359282,
    0.9972198460222412,
    0.998289136013687,
    0.9967921300256629,
    0.9970059880239521,
    0.9991445680068435,
    0.9978614200171086,
    0.9985029940119761,
    0.9989307100085543,
    0.9989307100085543,
    0.9995722840034217,
    0.9993584260051326,
    0.9997861420017109,
    0.9997861420017109,
    1.0,
    0.9997861420017109,
    0.9997861420017109,
    0.9997861420017109,
    0.9995722840034217,
    1.0,
    0.9997861420017109,
    0.9997861420017109,
    1.0,
    1.0
  ],
  "train_acc_ones": [
    0.35136869118905045,
    0.6725834046193327,
    0.8391787852865698,
    0.9095380667236954,
    0.9285714285714286,
    0.9473909324208726,
    0.9570145423438836,
    0.9572284003421728,
    0.9664242942686057,
    0.9762617621899059,
    0.9781864841745082,
    0.9769033361847733,
    0.9841745081266039,
    0.9850299401197605,
    0.9893071000855432,
    0.9923011120615911,
    0.9908041060735672,
    0.9940119760479041,
    0.995295124037639,
    0.9963644140290847,
    0.9978614200171086,
    0.9976475620188195,
    0.9972198460222412,
    0.9978614200171086,
    0.9987168520102652,
    0.9989307100085543,
    0.9989307100085543,
    0.9978614200171086,
    0.9987168520102652,
    0.998289136013687
  ],
  "train_acc_number": [
    0.32848588537211293,
    0.6452095808383234,
    0.8184345594525235,
    0.8969204448246364,
    0.924508126603935,
    0.9435414884516681,
    0.9546621043627032,
    0.955945252352438,
    0.9657827202737382,
    0.9743370402053037,
    0.9760479041916168,
    0.9762617621899059,
    0.9828913601368692,
    0.9843883661248931,
    0.9886655260906758,
    0.9914456800684346,
    0.9905902480752781,
    0.9933704020530368,
    0.9950812660393499,
    0.9961505560307955,
    0.9978614200171086,
    0.9974337040205303,
    0.9970059880239521,
    0.9976475620188195,
    0.998289136013687,
    0.9989307100085543,
    0.9987168520102652,
    0.9978614200171086,
    0.9987168520102652,
    0.998289136013687
  ],
  "val_acc_tens": [
    0.9285714285714286,
    0.9494773519163763,
    0.9738675958188153,
    0.9843205574912892,
    0.9912891986062717,
    0.9843205574912892,
    0.9895470383275261,
    0.9878048780487805,
    0.9860627177700348,
    0.9895470383275261,
    0.9912891986062717,
    0.9860627177700348,
    0.9895470383275261,
    0.9878048780487805,
    0.9895470383275261,
    0.9895470383275261,
    0.9878048780487805,
    0.9895470383275261,
    0.9912891986062717,
    0.9912891986062717,
    0.9895470383275261,
    0.9912891986062717,
    0.9912891986062717,
    0.9912891986062717,
    0.9895470383275261,
    0.9912891986062717,
    0.9895470383275261,
    0.9878048780487805,
    0.9895470383275261,
    0.9895470383275261
  ],
  "val_acc_ones": [
    0.49477351916376305,
    0.7334494773519163,
    0.8519163763066202,
    0.867595818815331,
    0.8344947735191638,
    0.8815331010452961,
    0.8449477351916377,
    0.9111498257839721,
    0.9320557491289199,
    0.9181184668989547,
    0.8867595818815331,
    0.926829268292683,
    0.9250871080139372,
    0.9233449477351916,
    0.9320557491289199,
    0.9233449477351916,
    0.9285714285714286,
    0.9372822299651568,
    0.9442508710801394,
    0.9442508710801394,
    0.9425087108013938,
    0.9390243902439024,
    0.9512195121951219,
    0.9425087108013938,
    0.9320557491289199,
    0.9390243902439024,
    0.9494773519163763,
    0.9477351916376306,
    0.9355400696864111,
    0.9442508710801394
  ],
  "val_acc_number": [
    0.46689895470383275,
    0.6933797909407665,
    0.8344947735191638,
    0.8623693379790941,
    0.8292682926829268,
    0.872822299651568,
    0.8432055749128919,
    0.9059233449477352,
    0.926829268292683,
    0.9163763066202091,
    0.8832752613240418,
    0.9233449477351916,
    0.9198606271777003,
    0.921602787456446,
    0.926829268292683,
    0.9198606271777003,
    0.9233449477351916,
    0.9303135888501742,
    0.9390243902439024,
    0.9390243902439024,
    0.9372822299651568,
    0.9337979094076655,
    0.945993031358885,
    0.9407665505226481,
    0.9303135888501742,
    0.9355400696864111,
    0.945993031358885,
    0.9407665505226481,
    0.9303135888501742,
    0.9390243902439024
  ]
}