{
  "train_loss": [
    2.928641509357123,
    1.2271740915838525,
    0.7662828770124371,
    0.5807873666337456,
    0.47470936640599937,
    0.4236967953175332,
    0.4092517311089665,
    0.3938951157830127,
    0.36929850745547826,
    0.3538149726808938,
    0.2923436580915753,
    0.25487869840284205,
    0.23722664120872375,
    0.21806778797642404,
    0.2011907269956721,
    0.1966273268641724,
    0.1567738131644687,
    0.14897497379443297,
    NaN,
    NaN,
    NaN,
    NaN,
    NaN,
    NaN,
    NaN,
    NaN,
    NaN,
    NaN,
    NaN,
    NaN
  ],
  "val_loss": [
    1.6191767213236579,
    0.9564103652375916,
    0.6943509856998298,
    0.6639832669434231,
    0.5481798993585832,
    0.5434107533315333,
    0.611305107430714,
    0.602991074427495,
    0.38288097909103286,
    0.41326380689800407,
    0.2993288501214483,
    0.4349969149881954,
    0.24197467071254078,
    0.258417447892631,
    0.2837735439426808,
    0.2540804342941125,
    0.21470612765189248,
    0.24583847182137625,
    NaN,
    NaN,
    NaN,
    NaN,
    NaN,
    NaN,
    NaN,
    NaN,
    NaN,
    NaN,
    NaN,
    NaN
  ],
  "train_acc_tens": [
    0.7286142001710864,
    0.9572284003421728,
    0.9698460222412318,
    0.9734816082121471,
    0.9743370402053037,
    0.9766894781864842,
    0.9741231822070145,
    0.9743370402053037,
    0.9743370402053037,
    0.9743370402053037,
    0.9784003421727973,
    0.9786142001710864,
    0.9784003421727973,
    0.9798973481608212,
    0.9818220701454234,
    0.9809666381522669,
    0.9833190761334474,
    0.9813943541488451,
    0.013686911890504704,
    0.0,
    0.0,
    0.0,
    0.0,
    0.0,
    0.0,
    0.0,
    0.0,
    0.0,
    0.0,
    0.0
  ],
  "train_acc_ones": [
    0.3781009409751925,
    0.6552609067579127,
    0.8560735671514115,
    0.9106073567151411,
    0.9315654405474765,
    0.9424721984602225,
    0.9510265183917879,
    0.9531650983746792,
    0.9563729683490163,
    0.9471770744225834,
    0.9542343883661248,
    0.9644995722840034,
    0.968562874251497,
    0.9713430282292558,
    0.9751924721984602,
    0.9773310521813516,
    0.9865269461077845,
    0.9880239520958084,
    0.013686911890504704,
    0.0,
    0.0,
    0.0,
    0.0,
    0.0,
    0.0,
    0.0,
    0.0,
    0.0,
    0.0,
    0.0
  ],
  "train_acc_number": [
    0.2837895637296835,
    0.6300256629597947,
    0.8323353293413174,
    0.8892215568862275,
    0.9095380667236954,
    0.9249358426005133,
    0.9283575705731394,
    0.9313515825491874,
    0.9337040205303678,
    0.926218990590248,
    0.9356287425149701,
    0.9458939264328486,
    0.9488879384088965,
    0.9518819503849444,
    0.9580838323353293,
    0.9595808383233533,
    0.9707014542343884,
    0.9704875962360993,
    0.013686911890504704,
    0.0,
    0.0,
    0.0,
    0.0,
    0.0,
    0.0,
    0.0,
    0.0,
    0.0,
    0.0,
    0.0
  ],
  "val_acc_tens": [
    0.9285714285714286,
    0.9668989547038328,
    0.9738675958188153,
    0.9686411149825784,
    0.9773519163763066,
    0.9738675958188153,
    0.9686411149825784,
    0.9703832752613241,
    0.975609756097561,
    0.9738675958188153,
    0.9738675958188153,
    0.9738675958188153,
    0.9738675958188153,
    0.9738675958188153,
    0.9616724738675958,
    0.9773519163763066,
    0.975609756097561,
    0.975609756097561,
    0.0,
    0.0,
    0.0,
    0.0,
    0.0,
    0.0,
    0.0,
    0.0,
    0.0,
    0.0,
    0.0,
    0.0
  ],
  "val_acc_ones": [
    0.5156794425087108,
    0.7996515679442509,
    0.8763066202090593,
    0.8710801393728222,
    0.9198606271777003,
    0.921602787456446,
    0.8815331010452961,
    0.8815331010452961,
    0.9581881533101045,
    0.9181184668989547,
    0.9512195121951219,
    0.9041811846689896,
    0.9703832752613241,
    0.9668989547038328,
    0.9668989547038328,
    0.9634146341463414,
    0.9703832752613241,
    0.9651567944250871,
    0.0,
    0.0,
    0.0,
    0.0,
    0.0,
    0.0,
    0.0,
    0.0,
    0.0,
    0.0,
    0.0,
    0.0
  ],
  "val_acc_number": [
    0.4738675958188153,
    0.7822299651567944,
    0.8554006968641115,
    0.8432055749128919,
    0.9041811846689896,
    0.9006968641114983,
    0.8554006968641115,
    0.8606271777003485,
    0.9355400696864111,
    0.9024390243902439,
    0.926829268292683,
    0.8797909407665505,
    0.9477351916376306,
    0.9425087108013938,
    0.9320557491289199,
    0.9425087108013938,
    0.9477351916376306,
    0.9442508710801394,
    0.0,
    0.0,
    0.0,
    0.0,
    0.0,
    0.0,
    0.0,
    0.0,
    0.0,
    0.0,
    0.0,
    0.0
  ]
}