{
  "fp32": {
    "latency": {
      "mean_ms": 2.4862196904723532,
      "median_ms": 2.3993099966901354,
      "min_ms": 2.2552459995495155,
      "max_ms": 3.2802000059746206,
      "p95_ms": 3.069873201457085,
      "p99_ms": 3.1830087242997256,
      "std_ms": 0.25885197378441177
    },
    "accuracy": {
      "test_loss": 0.09942882063500967,
      "test_acc_number": 0.9862542955326461,
      "test_acc_tens": 0.9965635738831615,
      "test_acc_ones": 0.9879725085910653
    }
  },
  "fp16": {
    "latency": {
      "mean_ms": 1.9612752304237802,
      "median_ms": 1.8626075034262612,
      "min_ms": 1.7502889968454838,
      "max_ms": 2.9573170031653717,
      "p95_ms": 2.5362542968650814,
      "p99_ms": 2.841782014147612,
      "std_ms": 0.2607704119397028
    },
    "accuracy": {
      "test_loss": 0.09946709072466978,
      "test_acc_number": 0.9862542955326461,
      "test_acc_tens": 0.9965635738831615,
      "test_acc_ones": 0.9879725085910653
    }
  },
  "fp16_torchscript": {
    "latency": {
      "mean_ms": 1.7149522090039682,
      "median_ms": 1.5851444986765273,
      "min_ms": 1.5630429988959804,
      "max_ms": 2.4961919989436865,
      "p95_ms": 2.2869873973832,
      "p99_ms": 2.4561831320170313,
      "std_ms": 0.2244970270024329
    },
    "accuracy": {
      "test_loss": 0.09952049648638853,
      "test_acc_number": 0.9862542955326461,
      "test_acc_tens": 0.9965635738831615,
      "test_acc_ones": 0.9879725085910653
    }
  },
  "batching": {
    "1": {
      "mean_ms": 1.93861566047417,
      "median_ms": 1.8280285003129393,
      "min_ms": 1.751322008203715,
      "max_ms": 2.843648995622061,
      "p95_ms": 2.406993548356695,
      "p99_ms": 2.550886205135613,
      "std_ms": 0.2259163619049238,
      "latency_per_seq_ms": 1.93861566047417,
      "throughput_seq_per_sec": 515.8320034180514
    },
    "4": {
      "mean_ms": 4.108094500406878,
      "median_ms": 4.077375997439958,
      "min_ms": 3.654768006526865,
      "max_ms": 5.278340991935693,
      "p95_ms": 4.772210847295355,
      "p99_ms": 4.960889585927363,
      "std_ms": 0.37047744691223283,
      "latency_per_seq_ms": 1.0270236251017195,
      "throughput_seq_per_sec": 973.6874357695101
    },
    "8": {
      "mean_ms": 7.517531920020701,
      "median_ms": 7.4773709930013865,
      "min_ms": 6.515146989841014,
      "max_ms": 8.93238399294205,
      "p95_ms": 8.533284849545453,
      "p99_ms": 8.877679579163669,
      "std_ms": 0.5824511629727224,
      "latency_per_seq_ms": 0.9396914900025877,
      "throughput_seq_per_sec": 1064.179053060538
    },
    "16": {
      "mean_ms": 14.146094439347507,
      "median_ms": 14.154887998302002,
      "min_ms": 12.979167004232295,
      "max_ms": 15.53696600603871,
      "p95_ms": 15.035800404439215,
      "p99_ms": 15.335327747743579,
      "std_ms": 0.575774865896468,
      "latency_per_seq_ms": 0.8841309024592192,
      "throughput_seq_per_sec": 1131.0542332798116
    }
  }
}