{
  "model_type": "attn_bgru_luong",
  "model_accuracy": 0.9863,
  "seed": 42,
  "num_mistakes_extracted": 8,
  "mistakes": [
    {
      "index": 97,
      "ground_truth": {
        "tens": 10,
        "ones": 9,
        "jersey_str": "9",
        "full_number": 9
      },
      "prediction": {
        "tens": 10,
        "ones": 8,
        "jersey_str": "8",
        "full_number": 8
      },
      "probabilities": {
        "tens": {
          "predicted_class": 0.9990811347961426,
          "ground_truth_class": 0.9990811347961426,
          "all_classes": [
            4.526008342509158e-05,
            7.3864939622581e-05,
            4.7977595386328176e-05,
            4.5087803300702944e-05,
            0.0002204312477260828,
            6.206647958606482e-05,
            0.00014046102296561003,
            6.379184196703136e-05,
            0.00012614640581887215,
            9.378581307828426e-05,
            0.9990811347961426
          ]
        },
        "ones": {
          "predicted_class": 0.9955079555511475,
          "ground_truth_class": 0.002633488504216075,
          "all_classes": [
            7.95086525613442e-05,
            9.056304406840354e-05,
            9.716265049064532e-05,
            7.037825707811862e-05,
            0.0003259714867454022,
            9.306538413511589e-05,
            0.0010470899287611246,
            5.4771287977928296e-05,
            0.9955079555511475,
            0.002633488504216075
          ]
        }
      },
      "sequence_path": "/home/rohan/Desktop/Acme2/temporal_jersey_nr_recognition_dataset_subset/9/138_3535/0",
      "track_id": "9/138_3535",
      "frame_paths": [
        "/home/rohan/Desktop/Acme2/temporal_jersey_nr_recognition_dataset_subset/9/138_3535/0/138_1009_0_anchor.jpg",
        "/home/rohan/Desktop/Acme2/temporal_jersey_nr_recognition_dataset_subset/9/138_3535/0/138_1007_0.jpg",
        "/home/rohan/Desktop/Acme2/temporal_jersey_nr_recognition_dataset_subset/9/138_3535/0/138_1008_0.jpg"
      ],
      "num_frames": 3
    },
    {
      "index": 139,
      "ground_truth": {
        "tens": 10,
        "ones": 9,
        "jersey_str": "9",
        "full_number": 9
      },
      "prediction": {
        "tens": 10,
        "ones": 8,
        "jersey_str": "8",
        "full_number": 8
      },
      "probabilities": {
        "tens": {
          "predicted_class": 0.9997535347938538,
          "ground_truth_class": 0.9997535347938538,
          "all_classes": [
            1.3972405213280581e-05,
            1.928585334098898e-05,
            1.2787497325916775e-05,
            1.2287276149436366e-05,
            4.659987462218851e-05,
            1.5548046576441266e-05,
            1.749180955812335e-05,
            1.2527996659628116e-05,
            7.423821080010384e-05,
            2.172707718273159e-05,
            0.9997535347938538
          ]
        },
        "ones": {
          "predicted_class": 0.9997273087501526,
          "ground_truth_class": 6.57790296827443e-05,
          "all_classes": [
            5.6747453527350444e-06,
            6.500142262666486e-06,
            5.1368947424634825e-06,
            6.391383521986427e-06,
            0.00014418618229683489,
            5.876955583516974e-06,
            2.9806531529175118e-05,
            3.2693187677068636e-06,
            0.9997273087501526,
            6.57790296827443e-05
          ]
        }
      },
      "sequence_path": "/home/rohan/Desktop/Acme2/temporal_jersey_nr_recognition_dataset_subset/9/915_14541/1",
      "track_id": "9/915_14541",
      "frame_paths": [
        "/home/rohan/Desktop/Acme2/temporal_jersey_nr_recognition_dataset_subset/9/915_14541/1/915_11389_1_anchor.jpg",
        "/home/rohan/Desktop/Acme2/temporal_jersey_nr_recognition_dataset_subset/9/915_14541/1/915_11384_1.jpg",
        "/home/rohan/Desktop/Acme2/temporal_jersey_nr_recognition_dataset_subset/9/915_14541/1/915_11385_1.jpg",
        "/home/rohan/Desktop/Acme2/temporal_jersey_nr_recognition_dataset_subset/9/915_14541/1/915_11386_1.jpg",
        "/home/rohan/Desktop/Acme2/temporal_jersey_nr_recognition_dataset_subset/9/915_14541/1/915_11387_1.jpg",
        "/home/rohan/Desktop/Acme2/temporal_jersey_nr_recognition_dataset_subset/9/915_14541/1/915_11388_1.jpg"
      ],
      "num_frames": 6
    },
    {
      "index": 248,
      "ground_truth": {
        "tens": 10,
        "ones": 6,
        "jersey_str": "6",
        "full_number": 6
      },
      "prediction": {
        "tens": 6,
        "ones": 6,
        "jersey_str": "66",
        "full_number": 66
      },
      "probabilities": {
        "tens": {
          "predicted_class": 0.9977226853370667,
          "ground_truth_class": 0.0008124727755784988,
          "all_classes": [
            0.00010786502389237285,
            0.00010455992742208764,
            5.936903471592814e-05,
            5.092137143947184e-05,
            0.00024517715792171657,
            9.993604908231646e-05,
            0.9977226853370667,
            6.736946670571342e-05,
            0.0006031115772202611,
            0.00012656892067752779,
            0.0008124727755784988
          ]
        },
        "ones": {
          "predicted_class": 0.9978041052818298,
          "ground_truth_class": 0.9978041052818298,
          "all_classes": [
            0.0001530632289359346,
            0.00011213904508622363,
            0.00011090301268268377,
            0.0001302500459132716,
            0.0005852014292031527,
            0.00010960102372337133,
            0.9978041052818298,
            0.0001264432939933613,
            0.0006855943356640637,
            0.0001828312233556062
          ]
        }
      },
      "sequence_path": "/home/rohan/Desktop/Acme2/temporal_jersey_nr_recognition_dataset_subset/6/563_13701/1",
      "track_id": "6/563_13701",
      "frame_paths": [
        "/home/rohan/Desktop/Acme2/temporal_jersey_nr_recognition_dataset_subset/6/563_13701/1/563_6803_1_anchor.jpg",
        "/home/rohan/Desktop/Acme2/temporal_jersey_nr_recognition_dataset_subset/6/563_13701/1/563_6796_1.jpg",
        "/home/rohan/Desktop/Acme2/temporal_jersey_nr_recognition_dataset_subset/6/563_13701/1/563_6797_1.jpg",
        "/home/rohan/Desktop/Acme2/temporal_jersey_nr_recognition_dataset_subset/6/563_13701/1/563_6798_1.jpg",
        "/home/rohan/Desktop/Acme2/temporal_jersey_nr_recognition_dataset_subset/6/563_13701/1/563_6799_1.jpg",
        "/home/rohan/Desktop/Acme2/temporal_jersey_nr_recognition_dataset_subset/6/563_13701/1/563_6800_1.jpg",
        "/home/rohan/Desktop/Acme2/temporal_jersey_nr_recognition_dataset_subset/6/563_13701/1/563_6801_1.jpg",
        "/home/rohan/Desktop/Acme2/temporal_jersey_nr_recognition_dataset_subset/6/563_13701/1/563_6802_1.jpg"
      ],
      "num_frames": 8
    },
    {
      "index": 287,
      "ground_truth": {
        "tens": 10,
        "ones": 4,
        "jersey_str": "4",
        "full_number": 4
      },
      "prediction": {
        "tens": 4,
        "ones": 9,
        "jersey_str": "49",
        "full_number": 49
      },
      "probabilities": {
        "tens": {
          "predicted_class": 0.9441977739334106,
          "ground_truth_class": 0.04114455357193947,
          "all_classes": [
            0.0006851829821243882,
            0.0008428686414845288,
            0.0010994389886036515,
            0.0005233145784586668,
            0.9441977739334106,
            0.0005159794818609953,
            0.005376247689127922,
            0.0007739260327070951,
            0.003935626707971096,
            0.0009051188826560974,
            0.04114455357193947
          ]
        },
        "ones": {
          "predicted_class": 0.8861355185508728,
          "ground_truth_class": 0.004193960689008236,